Year,Rating,Votes,Metascore,Action,Adventure,Aniimation,Biography,Comedy,Crime,Drama,Family,Fantasy,History,Horror,Music,Musical,Mystery,Romance,Sport,Thriller,War,Western,Success
2014,8.1,757074,76,1,1,0,0,0,0,0,0,0,0,0,0,0,0,0,0,0,0,0,1
2012,7,485820,65,0,1,0,0,0,0,0,0,0,0,0,0,0,1,0,0,0,0,0,1
2016,7.3,157606,62,0,0,0,0,0,0,0,0,0,0,1,0,0,0,0,0,1,0,0,0
2016,7.2,60545,59,0,0,1,0,1,0,0,1,0,0,0,0,0,0,0,0,0,0,0,0
2016,6.2,393727,40,1,1,0,0,0,0,0,0,1,0,0,0,0,0,0,0,0,0,0,0
2016,6.1,56036,42,1,1,0,0,0,0,0,0,1,0,0,0,0,0,0,0,0,0,0,0
2016,8.3,258682,93,0,0,0,0,1,0,1,0,0,0,0,1,0,0,0,0,0,0,0,1
2016,7.1,7188,78,1,1,0,1,0,0,0,0,0,0,0,0,0,0,0,0,0,0,0,0
2016,7,192177,41,0,1,0,0,0,0,1,0,0,0,0,0,0,0,1,0,0,0,0,0
2016,7.5,232072,66,0,1,0,0,0,0,0,1,1,0,0,0,0,0,0,0,0,0,0,1
2016,7.8,93103,74,0,0,0,1,0,0,1,0,0,1,0,0,0,0,0,0,0,0,0,0
2016,7.9,323118,65,1,1,0,0,0,0,0,0,0,0,0,0,0,0,0,0,0,0,0,1
2016,7.7,118151,81,0,1,1,0,1,0,0,0,0,0,0,0,0,0,0,0,0,0,0,0
2016,6.4,8612,70,1,0,0,0,1,0,1,0,0,0,0,0,0,0,0,0,0,0,0,0
2016,6.6,120259,61,0,1,1,0,1,0,0,0,0,0,0,0,0,0,0,0,0,0,0,0
2016,8.2,211760,71,0,0,0,1,0,0,1,0,0,1,0,0,0,0,0,0,0,0,0,0
2016,6.7,150823,58,1,0,0,0,0,0,0,0,0,0,0,0,0,0,0,0,1,0,0,0
2016,8.1,102061,69,0,0,0,1,0,0,1,0,0,0,0,0,0,0,0,0,0,0,0,0
2016,8,340798,81,0,0,0,0,0,0,1,0,0,0,0,0,0,1,0,0,0,0,0,1
2016,6.7,19053,49,0,1,0,0,0,0,1,0,0,0,0,0,0,0,0,0,1,0,0,0
2016,7.9,134213,96,0,0,0,0,0,0,1,0,0,0,0,0,0,0,0,0,0,0,0,0
2016,6.5,38552,56,0,1,1,0,1,0,0,0,0,0,0,0,0,0,0,0,0,0,0,0
2016,5.3,127553,32,1,1,0,0,0,0,0,0,0,0,0,0,0,0,0,0,0,0,0,0
2016,6.2,66540,60,0,0,0,0,1,0,0,0,0,0,0,0,0,0,0,0,0,0,0,0
2016,5.9,112813,36,1,1,0,0,0,0,1,0,0,0,0,0,0,0,0,0,0,0,0,0
2016,6.3,48123,39,0,0,0,0,1,0,0,0,0,0,0,0,0,0,0,0,0,0,0,0
2016,7.5,126030,67,0,0,0,0,0,0,1,0,0,0,0,0,0,0,0,0,1,0,0,0
2016,7.1,275510,52,1,1,0,0,0,0,0,0,0,0,0,0,0,0,0,0,0,0,0,1
2016,8,627797,65,1,1,0,0,1,0,0,0,0,0,0,0,0,0,0,0,0,0,0,1
2016,5.6,46165,49,1,0,0,0,0,0,0,0,0,0,1,0,0,0,0,0,0,0,0,0
2016,7.9,411656,75,1,1,0,0,0,0,0,0,0,0,0,0,0,0,0,0,0,0,0,1
2014,8.6,1047747,74,0,1,0,0,0,0,1,0,0,0,0,0,0,0,0,0,0,0,0,1
2016,7.6,293732,72,1,1,0,0,0,0,0,0,1,0,0,0,0,0,0,0,0,0,0,1
2016,6.9,122853,54,1,1,0,0,0,0,0,0,0,0,0,0,0,0,0,0,0,0,1,0
2016,6.3,120690,66,0,1,1,0,1,0,0,0,0,0,0,0,0,0,0,0,0,0,0,0
2016,7.5,135095,99,0,0,0,0,0,0,1,0,0,0,0,0,0,0,0,0,0,0,0,0
2016,7.2,37033,66,0,0,0,1,0,0,1,0,0,1,0,0,0,0,0,0,0,0,0,0
2016,6.3,279,57,0,0,0,0,0,0,1,0,0,0,0,0,0,0,0,0,0,0,0,0
2011,6.7,395025,45,1,1,0,0,0,0,0,0,1,0,0,0,0,0,0,0,0,0,0,0
2016,7.3,17818,64,0,0,0,0,0,0,1,0,0,0,0,0,0,0,0,0,1,0,0,0
2016,7.1,164567,68,1,1,0,0,0,0,0,0,0,0,0,0,0,0,0,0,0,0,0,0
2015,8.1,661608,81,1,1,0,0,0,0,0,0,1,0,0,0,0,0,0,0,0,0,0,1
2016,5.8,41362,23,1,1,0,0,0,0,0,0,1,0,0,0,0,0,0,0,0,0,0,0
2016,5.6,20221,18,0,0,0,0,1,0,1,0,0,0,0,0,0,0,0,0,0,0,0,0
2014,7.2,321933,68,1,0,0,0,0,1,0,0,0,0,0,0,0,0,0,0,1,0,0,0
2008,9,1791916,82,1,0,0,0,0,1,1,0,0,0,0,0,0,0,0,0,0,0,0,1
2016,7.3,49190,79,0,1,0,0,0,0,1,0,0,1,0,0,0,0,0,0,0,0,0,0
2016,7.2,121103,71,0,0,0,0,0,1,0,0,0,0,1,0,0,0,0,0,1,0,0,0
2016,7.4,113322,51,0,0,0,0,0,0,1,0,0,0,0,0,0,0,1,0,0,0,0,0
2016,7,3739,76,0,0,0,0,1,0,1,0,0,0,0,0,0,0,1,0,0,0,0,0
2016,7.5,137608,74,0,0,0,1,0,0,1,0,0,0,0,0,0,0,0,0,0,0,0,0
2016,6.7,472307,44,1,1,0,0,0,0,0,0,0,0,0,0,0,0,0,0,0,0,0,0
2016,6.5,102177,48,0,0,0,0,0,1,1,0,0,0,0,0,0,1,0,0,0,0,0,0
2015,4.1,244474,46,0,0,0,0,0,0,1,0,0,0,0,0,0,0,1,0,1,0,0,0
2006,8.5,913152,66,0,0,0,0,0,0,1,0,0,0,0,0,0,1,0,0,0,0,0,0
2014,7.7,440209,58,1,1,0,0,1,0,0,0,0,0,0,0,0,0,0,0,0,0,0,1
2016,7.4,39784,69,0,0,0,0,0,0,1,0,0,1,0,0,0,0,0,0,1,0,0,0
2015,8.1,632842,90,1,1,0,0,0,0,0,0,0,0,0,0,0,0,0,0,0,0,0,1
2016,7.5,291,61,0,0,0,0,0,0,1,0,0,0,0,0,0,0,0,0,0,0,0,0
2016,7.2,89849,68,1,0,0,0,0,0,1,0,0,0,0,0,0,0,0,0,1,0,0,0
2016,7.1,78079,60,1,0,0,0,0,0,1,0,0,0,0,0,0,0,1,0,0,0,0,0
2016,7.5,39134,76,0,0,0,0,0,0,1,0,1,0,0,0,0,0,0,0,0,0,0,0
2016,6.8,43977,23,0,0,0,0,0,0,1,0,0,0,0,0,0,0,1,0,0,0,0,0
2016,8.1,296853,78,0,1,1,0,1,0,0,0,0,0,0,0,0,0,0,0,0,0,0,1
2007,7.1,498821,50,1,1,0,0,0,0,0,0,1,0,0,0,0,0,0,0,0,0,0,1
2012,8.1,1045588,69,1,0,0,0,0,0,0,0,0,0,0,0,0,0,0,0,0,0,0,1
2009,8.3,959065,69,0,1,0,0,0,0,1,0,0,0,0,0,0,0,0,0,0,1,0,1
2006,7.3,552027,53,1,1,0,0,0,0,0,0,1,0,0,0,0,0,0,0,0,0,0,1
2016,5.3,147717,60,1,0,0,0,1,0,0,0,1,0,0,0,0,0,0,0,0,0,0,0
2010,8.8,1583625,74,1,1,0,0,0,0,0,0,0,0,0,0,0,0,0,0,0,0,0,1
2016,7.9,105081,72,0,0,0,0,1,0,1,0,0,0,0,0,0,0,0,0,0,0,0,0
2013,8.2,865134,75,0,0,0,1,1,1,0,0,0,0,0,0,0,0,0,0,0,0,0,1
2014,8.1,636243,79,0,0,0,0,0,1,1,0,0,0,0,0,0,1,0,0,0,0,0,1
2015,7.2,301249,67,1,0,0,0,0,1,0,0,0,0,0,0,0,0,0,0,1,0,0,1
2015,7,455169,59,1,1,0,0,0,0,0,0,0,0,0,0,0,0,0,0,0,0,0,1
2016,6.4,27869,49,0,0,0,0,0,1,1,0,0,0,0,0,0,0,0,0,0,0,0,0
2009,7.8,935408,83,1,1,0,0,0,0,0,0,1,0,0,0,0,0,0,0,0,0,0,1
2015,7.8,341170,68,0,0,0,0,0,1,1,0,0,0,0,0,0,1,0,0,0,0,0,0
2016,7.4,162122,51,1,0,0,0,0,1,1,0,0,0,0,0,0,0,0,0,0,0,0,0
2013,8.1,431185,74,0,0,0,0,0,1,1,0,0,0,0,0,0,1,0,0,0,0,0,0
2016,7,187547,32,1,1,0,0,0,0,0,0,1,0,0,0,0,0,0,0,0,0,0,0
2011,8.1,342429,62,0,0,0,0,0,0,1,0,0,0,0,0,0,0,0,0,0,0,0,1
2016,7.1,106463,57,0,0,0,0,1,1,1,0,0,0,0,0,0,0,0,0,0,0,0,0
2015,7.4,516895,66,1,1,0,0,0,0,0,0,0,0,0,0,0,0,0,0,0,0,0,1
2016,7.4,175067,70,1,0,0,0,1,1,0,0,0,0,0,0,0,0,0,0,0,0,0,0
2016,8.6,34110,79,0,0,1,0,0,0,1,0,1,0,0,0,0,0,0,0,0,0,0,0
2016,5.8,9247,62,0,0,0,0,0,0,0,0,0,0,1,0,0,1,0,0,0,0,0,0
2016,6.3,10181,77,0,0,0,0,0,0,1,0,0,0,0,0,0,1,0,0,1,0,0,0
2006,8.5,937414,85,0,0,0,0,0,1,1,0,0,0,0,0,0,0,0,0,1,0,0,1
2015,7,108836,55,0,0,0,1,0,1,1,0,0,0,0,0,0,0,0,0,0,0,0,0
2011,7,570814,57,1,1,0,0,0,0,0,0,1,0,0,0,0,0,0,0,0,0,0,1
2015,8,556097,80,0,1,0,0,0,0,1,0,0,0,0,0,0,0,0,0,0,0,0,1
2015,7.3,202973,56,1,1,0,0,1,0,0,0,0,0,0,0,0,0,0,0,0,0,0,0
2016,7.7,115546,88,0,0,0,0,0,1,1,0,0,0,0,0,0,0,0,0,1,0,0,0
2016,5.4,1954,40,0,0,0,0,1,0,0,0,0,0,0,0,0,0,0,0,0,0,0,0
2016,6.3,117590,44,1,1,0,0,0,0,1,0,0,0,0,0,0,0,0,0,0,0,0,0
2014,7.7,339797,78,0,0,0,0,0,0,1,0,0,0,0,0,0,1,0,0,0,0,0,0
2016,6.3,3712,44,1,0,0,0,0,0,0,0,0,0,1,0,0,0,0,0,1,0,0,0
2013,8.1,486338,96,0,0,0,1,0,0,1,0,0,1,0,0,0,0,0,0,0,0,0,0
2006,7.7,637104,52,1,0,0,0,0,0,0,0,1,0,0,0,0,0,0,0,0,1,0,1
2011,8.1,590595,87,0,1,0,0,0,0,1,0,1,0,0,0,0,0,0,0,0,0,0,1
2016,5.8,30761,42,0,0,0,0,1,0,0,0,0,0,0,0,0,0,0,0,0,0,0,0
2016,6.2,50359,51,0,0,0,0,0,0,0,0,0,0,1,0,0,0,0,0,1,0,0,0
2016,7.2,192968,76,0,0,0,0,0,0,1,0,0,0,1,0,0,1,0,0,0,0,0,0
2016,7.4,157026,77,0,1,1,0,1,0,0,0,0,0,0,0,0,0,0,0,0,0,0,0
2016,6.7,101058,57,0,1,0,0,0,0,1,1,0,0,0,0,0,0,0,0,0,0,0,0
2014,6.7,362093,48,0,1,0,0,0,0,0,0,0,0,0,0,0,1,0,0,0,0,0,0
2016,6,53183,51,0,1,0,0,1,0,0,0,0,0,0,0,0,0,1,0,0,0,0,0
2012,8.5,1222645,78,1,0,0,0,0,0,0,0,0,0,0,0,0,0,0,0,1,0,0,1
2016,7.5,198243,77,0,1,0,0,0,0,1,1,0,0,0,0,0,0,0,0,0,0,0,1
2014,5.7,255483,32,1,1,0,0,0,0,0,0,0,0,0,0,0,0,0,0,0,0,0,0
2016,6.6,69651,58,0,1,0,0,0,1,0,0,0,0,0,0,0,1,0,0,0,0,0,0
2008,6.4,153481,51,0,0,0,0,1,0,0,1,0,0,0,1,1,0,0,0,0,0,0,0
2015,8,499424,76,0,1,0,0,0,0,1,0,0,0,0,0,0,0,0,0,1,0,0,1
2016,7.3,50953,79,0,0,0,0,0,0,1,0,0,0,0,0,0,0,0,0,0,0,0,0
2014,6,109756,69,0,1,0,0,1,0,1,0,0,0,0,0,0,0,0,0,0,0,0,0
2016,6.4,78328,59,0,0,0,0,0,0,1,0,0,0,1,0,0,0,0,0,1,0,0,0
2014,8.5,477276,88,0,0,0,0,0,0,1,0,0,0,0,1,0,0,0,0,0,0,0,0
2013,7.1,318051,61,1,0,0,0,0,1,0,0,0,0,0,0,0,0,0,0,1,0,0,1
2012,7.3,200090,68,0,0,0,0,0,1,1,0,0,0,0,0,0,0,0,0,1,0,0,0
2007,8.1,660286,91,0,0,0,0,0,1,1,0,0,0,0,0,0,0,0,0,1,0,0,0
2013,7.3,386102,55,0,0,0,0,0,0,1,0,0,0,0,0,0,0,1,0,0,0,0,1
2010,8.1,855604,63,0,0,0,0,0,0,0,0,0,0,0,0,0,1,0,0,1,0,0,1
2009,8,526324,82,1,1,0,0,0,0,0,0,0,0,0,0,0,0,0,0,0,0,0,1
2010,6.2,34184,56,0,0,0,0,1,0,0,1,0,0,0,0,0,0,0,0,0,0,0,0
2015,7.8,246360,81,0,0,0,1,1,0,1,0,0,0,0,0,0,0,0,0,0,0,0,0
2015,8.2,224132,86,0,0,0,0,0,0,1,0,0,0,0,0,0,0,0,0,0,0,0,0
2012,8.4,1039115,81,0,0,0,0,0,0,1,0,0,0,0,0,0,0,0,0,0,0,1,1
2016,8.1,33418,84,0,0,0,0,0,0,1,0,0,0,0,0,0,1,1,0,0,0,0,0
2016,7.4,47694,77,0,0,0,0,1,0,1,0,0,0,0,0,0,0,0,0,0,0,0,0
2009,7.6,410249,56,1,0,0,0,0,0,1,0,0,0,0,0,0,1,0,0,0,0,0,1
2007,7.6,442082,76,0,0,0,0,1,0,0,0,0,0,0,0,0,0,0,0,0,0,0,1
2016,6.2,97623,42,1,1,0,0,0,1,0,0,0,0,0,0,0,0,0,0,0,0,0,0
2016,6.4,50853,66,0,1,0,0,0,0,0,1,1,0,0,0,0,0,0,0,0,0,0,0
2012,7.2,735604,68,0,1,0,0,0,0,0,0,0,0,0,0,0,0,0,0,1,0,0,1
2016,5.8,4299,65,0,0,0,0,0,0,1,0,0,0,0,0,0,0,0,0,0,0,0,0
2015,7.6,243230,82,1,0,0,0,0,1,1,0,0,0,0,0,0,0,0,0,0,0,0,0
2007,4.7,97618,29,1,0,0,0,0,0,0,0,0,0,1,0,0,0,0,0,0,0,0,0
2013,7,400519,64,1,1,0,0,0,0,0,0,0,0,0,0,0,0,0,0,0,0,0,1
2011,7.4,396714,68,0,0,0,0,1,0,1,0,0,0,0,0,0,0,1,0,0,0,0,0
2010,7.5,291457,69,1,0,0,0,1,0,0,0,1,0,0,0,0,0,0,0,0,0,0,0
2007,7.9,373244,81,1,0,0,0,1,0,0,0,0,0,0,0,0,1,0,0,0,0,0,0
2016,7,6946,63,1,0,0,0,1,1,0,0,0,0,0,0,0,0,0,0,0,0,0,0
2014,8,552298,74,1,1,0,0,0,0,0,0,0,0,0,0,0,0,0,0,0,0,0,1
2016,6.1,78043,47,1,1,0,0,0,1,0,0,0,0,0,0,0,0,0,0,0,0,0,0
2006,8,495106,80,1,1,0,0,0,0,0,0,0,0,0,0,0,0,0,0,1,0,0,1
2008,5.2,361449,56,0,0,0,0,0,0,1,0,1,0,0,0,0,0,1,0,0,0,0,0
2016,6.5,156567,46,1,1,0,0,1,0,0,0,0,0,0,0,0,0,0,0,0,0,0,0
2015,7.3,39723,51,0,0,0,1,0,0,1,0,0,1,0,0,0,0,0,0,0,0,0,0
2016,7.3,76935,48,1,0,0,0,0,0,1,0,0,1,0,0,0,0,0,0,0,0,0,0
2015,6.8,308981,60,1,1,0,0,0,0,0,0,0,0,0,0,0,0,0,0,1,0,0,0
2014,7.9,332476,76,0,0,0,0,0,1,1,0,0,0,0,0,0,0,0,0,1,0,0,0
2016,7.9,72778,84,0,1,1,0,0,0,0,1,0,0,0,0,0,0,0,0,0,0,0,0
2013,8,390531,90,0,0,0,0,0,0,1,0,0,0,0,0,0,0,1,0,0,0,0,0
2013,7.5,451894,74,0,1,1,0,1,0,0,0,0,0,0,0,0,0,0,0,0,0,0,1
2015,6.5,143069,60,1,1,0,0,0,0,0,1,0,0,0,0,0,0,0,0,0,0,0,0
2014,7.6,337777,79,1,1,0,0,0,0,1,0,0,0,0,0,0,0,0,0,0,0,0,1
2008,7,321442,71,1,0,0,0,1,0,0,0,0,0,0,0,0,0,0,0,0,0,0,1
2016,7.4,137203,65,0,0,0,0,0,0,0,0,0,0,1,0,0,1,0,0,1,0,0,0
2015,7.3,368912,64,1,1,0,0,1,0,0,0,0,0,0,0,0,0,0,0,0,0,0,1
2016,6.7,43086,59,0,0,0,0,1,0,0,0,0,0,0,0,0,0,1,0,0,0,0,0
2015,6.8,101781,83,0,0,0,0,0,0,0,0,0,0,1,0,0,1,0,0,0,0,0,0
2015,7,117018,67,0,0,0,0,0,0,1,1,1,0,0,0,0,0,0,0,0,0,0,0
2016,8,22389,85,0,0,0,0,0,0,1,0,0,0,0,0,0,0,0,0,1,0,0,0
2016,6.3,11944,53,0,0,0,0,0,0,1,0,0,0,0,0,0,0,0,0,0,1,0,0
2015,6.6,97454,66,0,0,0,0,0,0,1,0,1,0,1,0,0,0,0,0,0,0,0,0
2011,7.8,461509,78,0,0,0,0,0,1,1,0,0,0,0,0,0,0,0,0,0,0,0,0
2015,6.3,106364,75,0,0,0,0,1,0,1,0,0,0,0,0,0,0,1,0,0,0,0,0
2016,7.2,27382,60,0,0,0,0,0,0,1,0,0,0,0,0,0,0,1,0,0,0,0,0
2015,8.1,268282,93,0,0,0,0,0,1,1,0,0,1,0,0,0,0,0,0,0,0,0,0
2016,5.8,22107,48,0,0,0,0,0,0,0,0,0,0,1,0,0,0,0,0,1,0,0,0
2011,8.2,355722,71,1,0,0,0,0,0,1,0,0,0,0,0,0,0,0,1,0,0,0,0
2011,6.9,547368,66,1,1,0,0,0,0,0,0,0,0,0,0,0,0,0,0,0,0,0,1
2007,8.1,459304,73,0,1,0,1,0,0,1,0,0,0,0,0,0,0,0,0,0,0,0,0
2014,8.1,532353,73,0,0,0,1,0,0,1,0,0,0,0,0,0,0,0,0,1,0,0,1
2016,6.3,97082,52,1,0,0,0,1,1,0,0,0,0,0,0,0,0,0,0,0,0,0,0
2014,7.9,471815,71,1,1,0,0,0,0,0,0,0,0,0,0,0,0,0,0,0,0,0,1
2016,6.5,12193,47,0,0,0,0,0,0,1,0,1,0,1,0,0,0,0,0,0,0,0,0
2016,7.3,79855,58,0,0,0,1,0,0,1,0,0,0,0,0,0,0,0,0,1,0,0,0
2008,7.9,737719,79,1,1,0,0,0,0,0,0,0,0,0,0,0,0,0,0,0,0,0,1
2016,5.7,70504,33,1,1,0,0,0,0,0,0,0,0,0,0,0,1,0,0,0,0,0,0
2011,7.8,550011,65,1,1,0,0,0,0,0,0,0,0,0,0,0,0,0,0,0,0,0,1
2016,7.5,5435,81,0,0,0,0,0,0,1,0,0,0,1,0,0,0,0,0,0,0,0,0
2016,7.5,26089,90,0,0,0,0,1,0,1,0,0,0,0,0,0,0,1,0,0,0,0,0
2011,6.8,227912,75,0,0,0,0,1,0,0,0,0,0,0,0,0,0,1,0,0,0,0,0
2015,6.1,161396,43,1,1,0,0,0,0,1,0,0,0,0,0,0,0,0,0,0,0,0,0
2012,5.3,114290,63,0,0,0,0,0,0,1,0,0,0,0,0,0,0,0,0,0,0,0,0
2007,7.1,531112,61,1,1,0,0,0,0,0,0,0,0,0,0,0,0,0,0,0,0,0,1
2013,7,443584,54,1,1,0,0,0,0,0,0,1,0,0,0,0,0,0,0,0,0,0,1
2016,5.5,73568,25,1,1,0,0,0,0,0,0,1,0,0,0,0,0,0,0,0,0,0,0
2014,7.8,542362,70,1,1,0,0,0,0,0,0,0,0,0,0,0,0,0,0,0,0,0,1
2016,5.7,7044,41,1,1,0,0,1,0,0,0,0,0,0,0,0,0,0,0,0,0,0,0
2010,7.7,456749,66,1,0,0,0,1,0,0,0,0,0,0,0,0,0,0,0,0,0,0,0
2015,6.7,61098,51,1,1,0,0,0,0,0,0,0,0,0,0,0,0,0,0,0,0,0,0
2006,7.1,283445,73,0,1,1,0,1,0,0,0,0,0,0,0,0,0,0,0,0,0,0,1
2014,6.9,136399,83,0,0,0,0,0,0,0,0,0,0,1,0,0,1,0,0,0,0,0,0
2011,7.8,348551,71,0,0,0,0,0,1,1,0,0,0,0,0,0,1,0,0,0,0,0,1
2013,7,334867,44,0,0,0,0,1,1,0,0,0,0,0,0,0,0,0,0,0,0,0,1
2016,7,19660,79,0,0,0,0,0,0,1,0,0,0,0,0,0,0,0,0,0,0,0,0
2015,7.1,121313,82,0,0,0,0,1,0,1,0,0,0,0,0,0,0,1,0,0,0,0,0
2010,6.4,179450,51,1,1,0,0,0,0,0,0,0,0,0,0,0,0,0,0,0,0,0,0
2014,7,268877,56,1,1,0,0,0,0,0,1,0,0,0,0,0,0,0,0,0,0,0,1
2006,8.2,498879,98,0,0,0,0,0,0,1,0,1,0,0,0,0,0,0,0,0,1,0,0
2016,5.2,3305,50,0,0,0,0,0,1,1,0,0,0,0,0,0,0,0,0,1,0,0,0
2006,7.8,247926,68,1,1,0,0,0,0,1,0,0,0,0,0,0,0,0,0,0,0,0,0
2015,7.4,257472,75,1,1,0,0,0,0,0,0,0,0,0,0,0,0,0,0,1,0,0,1
2016,6.1,66766,35,1,1,0,0,0,0,1,0,0,0,0,0,0,0,0,0,0,0,0,0
2012,8,377336,67,0,0,0,0,0,0,1,0,0,0,0,0,0,0,1,0,0,0,0,0
2016,6.8,41446,81,0,0,0,1,0,0,1,0,0,1,0,0,0,0,0,0,0,0,0,0
2016,3.9,4895,31,0,0,0,0,0,0,1,0,0,0,1,0,0,0,0,0,1,0,0,0
2014,8.1,530881,88,0,1,0,0,1,0,1,0,0,0,0,0,0,0,0,0,0,0,0,0
2013,5.9,96852,35,1,1,0,0,0,0,0,0,0,0,0,0,0,0,1,0,0,0,0,0
2014,7.6,332234,64,1,0,0,0,0,0,1,0,0,0,0,0,0,0,0,0,0,1,0,1
2015,8.2,416689,94,0,1,1,0,1,0,0,0,0,0,0,0,0,0,0,0,0,0,0,1
2016,5.8,1109,48,0,1,1,0,1,0,0,0,0,0,0,0,0,0,0,0,0,0,0,0
2015,6.5,205365,38,1,1,0,0,0,0,0,0,0,0,0,0,0,0,0,0,0,0,0,0
2010,5.9,148949,47,0,1,0,0,0,0,0,1,1,0,0,0,0,0,0,0,0,0,0,0
2012,7.6,257426,63,0,0,0,0,0,0,1,0,0,0,0,1,1,0,1,0,0,0,0,1
2006,7.9,382910,84,0,0,0,0,0,0,1,0,0,0,0,0,0,0,0,0,1,0,0,0
2016,7.4,14708,83,0,0,0,0,1,0,1,0,0,0,0,0,0,0,0,0,0,0,0,0
2015,7.1,188017,75,1,0,0,0,1,1,0,0,0,0,0,0,0,0,0,0,0,0,0,0
2011,8.6,557965,57,0,0,0,1,1,0,1,0,0,0,0,0,0,0,0,0,0,0,0,0
2016,4.9,178,50,0,0,0,0,1,0,1,0,0,0,0,0,0,0,1,0,0,0,0,0
2009,7.3,50946,73,0,0,0,0,0,0,1,0,0,0,0,0,0,0,0,0,1,0,0,0
2015,7.9,139831,72,0,0,0,1,0,0,1,0,0,1,0,0,0,0,0,0,0,0,0,0
2014,6.7,342183,53,1,1,0,0,0,0,0,0,0,0,0,0,0,0,0,0,0,0,0,0
2013,7.5,330305,68,0,0,0,0,0,0,0,0,0,0,1,0,0,1,0,0,1,0,0,1
2009,7.8,611563,73,0,0,0,0,1,0,0,0,0,0,0,0,0,0,0,0,0,0,0,1
2012,5.8,210349,41,1,1,0,0,0,0,0,0,0,0,0,0,0,0,0,0,0,0,0,0
2011,7.6,422290,68,1,0,0,0,0,0,1,0,0,0,0,0,0,0,0,0,0,0,0,1
2016,6.4,69823,58,0,0,0,0,0,0,0,0,0,0,1,0,0,0,0,0,0,0,0,0
2016,7.1,664,76,0,0,0,0,0,0,1,0,0,0,0,0,0,0,0,0,1,0,0,0
2014,7.8,440299,88,0,0,0,0,1,0,1,0,0,0,0,0,0,0,1,0,0,0,0,0
2010,8,581518,79,0,0,0,0,0,0,1,0,0,0,0,0,0,0,0,0,1,0,0,1
2014,6.2,21715,79,0,0,0,0,1,0,1,0,0,0,0,0,0,0,0,0,0,0,0,0
2013,7,90556,64,0,0,0,0,0,0,1,0,0,0,0,0,0,0,0,0,0,0,0,0
2016,6,59312,40,1,1,0,0,1,0,0,0,0,0,0,0,0,0,0,0,0,0,0,0
2015,4.9,53441,53,0,0,0,0,0,0,1,0,0,0,1,0,0,0,0,0,1,0,0,0
2016,6,75137,18,0,0,0,0,1,0,0,0,0,0,0,0,0,0,0,0,0,0,0,0
2012,7.5,298651,55,0,0,0,0,0,0,1,0,0,0,0,0,0,0,0,0,0,0,0,0
2009,6.7,388447,40,1,1,0,0,0,0,0,0,0,0,0,0,0,0,0,0,0,0,0,0
2012,7.8,547386,81,1,1,0,0,0,0,0,0,0,0,0,0,0,0,0,0,1,0,0,1
2012,7.9,668651,58,0,1,0,0,0,0,0,0,1,0,0,0,0,0,0,0,0,0,0,1
2012,7.2,432046,69,1,0,0,0,1,1,0,0,0,0,0,0,0,0,0,0,0,0,0,1
2016,8,52144,79,0,0,0,0,1,0,1,0,0,0,0,1,0,0,0,0,0,0,0,0
2013,7,410125,54,1,1,0,0,0,0,0,0,0,0,0,0,0,1,0,0,0,0,0,1
2014,7.1,280110,71,1,0,0,0,1,1,0,0,0,0,0,0,0,0,0,0,0,0,0,1
2007,7.7,329683,78,0,0,0,0,0,1,1,0,0,1,0,0,0,0,0,0,0,0,0,0
2016,7,36312,83,0,0,0,0,1,0,0,0,0,0,0,0,0,0,0,0,0,0,0,0
2013,7.2,591023,62,1,1,0,0,0,0,0,0,0,0,0,0,0,0,0,0,0,0,0,1
2013,7.3,492324,50,0,0,0,0,0,1,0,0,0,0,0,0,0,1,0,0,1,0,0,1
2009,7.6,501769,57,1,1,0,0,0,1,0,0,0,0,0,0,0,0,0,0,0,0,0,1
2015,7,110773,66,0,0,0,1,0,0,1,0,0,0,0,0,0,0,1,0,0,0,0,0
2014,6,122838,47,1,1,0,0,0,0,0,0,0,0,0,0,0,0,0,0,0,0,0,0
2011,6.1,204874,33,1,0,0,0,0,0,0,0,1,0,0,0,0,0,0,0,0,0,0,0
2016,5.8,30405,34,1,0,0,0,1,0,0,0,0,0,0,0,0,0,0,0,0,0,0,0
2015,5.3,150121,40,1,1,0,0,0,0,0,0,0,0,0,0,0,0,0,0,0,0,0,0
2016,5.8,26508,47,1,0,0,0,1,1,0,0,0,0,0,0,0,0,0,0,0,0,0,0
2016,7.5,58782,72,1,0,0,0,0,0,1,0,0,0,1,0,0,0,0,0,0,0,0,0
2012,7.2,226631,66,0,0,0,0,1,0,0,0,0,0,0,1,0,0,1,0,0,0,0,0
2016,5.7,76327,58,0,0,0,0,1,0,0,0,0,0,0,0,0,0,0,0,0,0,0,0
2013,7.1,577010,55,1,1,0,0,0,0,0,0,1,0,0,0,0,0,0,0,0,0,0,1
2016,6.6,20514,26,0,0,0,0,0,0,1,0,0,0,0,0,0,0,1,0,0,0,0,0
2016,5.7,34523,34,0,1,1,0,1,0,0,0,0,0,0,0,0,0,0,0,0,0,0,0
2006,6.8,302268,62,0,0,0,0,1,0,1,0,0,0,0,0,0,0,0,0,0,0,0,0
2016,7.1,43929,66,0,0,0,1,0,1,1,0,0,0,0,0,0,0,0,0,0,0,0,0
2007,8.1,400682,92,0,0,0,0,0,0,1,0,0,1,0,0,0,0,0,0,0,0,0,0
2014,7.2,249425,57,1,0,0,0,0,1,0,0,0,0,0,0,0,0,0,0,1,0,0,1
2013,7.5,218996,60,1,0,0,1,0,0,1,0,0,0,0,0,0,0,0,0,0,0,0,1
2012,7,295554,72,0,0,0,0,0,0,0,0,0,0,1,0,0,0,0,0,0,0,0,0
2008,5.5,67033,55,0,0,0,0,1,0,0,0,0,0,0,0,0,0,1,0,0,0,0,0
2010,6.4,105619,46,0,0,0,0,1,0,0,0,0,0,0,0,0,0,1,0,0,0,0,0
2014,6.7,69509,81,0,0,0,0,1,1,1,0,0,0,0,0,0,0,0,0,0,0,0,0
2016,6.2,57207,34,0,1,0,0,0,0,0,1,1,0,0,0,0,0,0,0,0,0,0,0
2006,6,193479,45,1,0,0,0,0,1,0,0,0,0,0,0,0,0,0,0,1,0,0,0
2016,6.1,59886,51,0,0,0,0,1,0,0,0,0,0,0,0,0,0,1,0,0,0,0,0
2009,7.7,237221,53,0,0,0,1,0,0,1,0,0,0,0,0,0,0,0,1,0,0,0,1
2013,7.8,103150,88,0,0,0,0,0,0,1,0,0,0,0,0,0,0,1,0,0,0,0,0
2014,6.8,132580,86,0,0,0,0,0,0,1,0,0,0,1,0,0,0,0,0,0,0,0,0
2014,7.4,385598,59,0,1,0,0,0,0,0,0,1,0,0,0,0,0,0,0,0,0,0,1
2007,7.5,385325,71,0,1,0,0,0,0,0,1,1,0,0,0,0,0,0,0,0,0,0,1
2013,7,199048,84,1,0,0,0,0,0,1,0,0,0,0,0,0,0,0,0,0,0,0,0
2016,5.2,73093,33,1,1,0,0,0,0,0,0,0,0,0,0,0,0,0,0,0,0,0,0
2015,6.2,81429,55,0,0,0,0,1,0,0,0,0,0,1,0,0,0,0,0,1,0,0,0
2011,7.3,300803,66,1,0,0,0,0,1,0,0,0,0,0,0,0,0,0,0,1,0,0,1
2006,6.5,95960,48,0,0,0,0,0,1,1,0,0,0,0,1,0,0,0,0,0,0,0,0
2016,6.4,616,74,0,0,0,0,0,0,1,0,0,0,0,0,0,0,0,0,0,0,0,0
2008,7.3,203096,53,1,0,0,0,0,1,0,0,0,0,0,0,0,0,0,0,1,0,0,0
2011,6.7,319025,53,1,0,0,0,0,0,0,0,0,0,0,0,0,0,0,0,1,0,0,0
2010,7.7,510100,95,0,0,0,1,0,0,1,0,0,0,0,0,0,0,0,0,0,0,0,1
2015,6,71149,34,1,1,0,0,0,0,0,0,1,0,0,0,0,0,0,0,0,0,0,0
2015,6,37975,36,0,0,0,0,0,0,1,0,0,0,1,0,0,0,0,0,0,0,0,0
2016,7.4,12643,54,0,0,0,1,1,0,1,0,0,0,0,0,0,0,0,0,0,0,0,0
2015,7,62885,79,0,0,0,0,0,1,0,0,0,0,1,0,0,0,0,0,1,0,0,0
2015,5.4,43085,51,0,0,0,0,0,1,1,0,0,0,0,0,0,1,0,0,0,0,0,0
2016,6.9,34248,56,0,1,1,0,1,0,0,0,0,0,0,0,0,0,0,0,0,0,0,0
2014,7.3,353305,72,1,0,0,1,0,0,1,0,0,0,0,0,0,0,0,0,0,0,0,1
2013,8,352801,84,0,0,0,1,0,0,1,0,0,0,0,0,0,0,0,0,0,0,0,0
2012,7.4,207497,86,0,0,0,1,0,0,1,0,0,1,0,0,0,0,0,0,0,0,0,1
2013,8.1,339722,75,1,0,0,1,0,0,1,0,0,0,0,0,0,0,0,0,0,0,0,0
2012,7.8,564364,81,0,0,0,0,1,0,1,0,0,0,0,0,0,0,1,0,0,0,0,1
2014,7.8,271301,69,0,0,0,0,0,0,1,0,0,0,0,0,0,0,1,0,0,0,0,1
2014,6.5,93764,31,0,0,0,0,1,0,0,0,0,0,0,0,0,0,1,0,0,0,0,0
2009,6.6,217464,46,1,0,0,0,0,1,0,0,0,0,0,0,0,0,0,0,1,0,0,0
2012,7.4,452369,84,1,0,0,0,0,1,1,0,0,0,0,0,0,0,0,0,0,0,0,0
2013,6.4,173320,52,1,0,0,0,0,0,1,0,0,0,0,0,0,0,0,0,1,0,0,0
2016,6.8,36322,71,0,1,0,0,0,0,0,1,1,0,0,0,0,0,0,0,0,0,0,0
2007,6.2,406219,59,1,1,0,0,0,0,0,0,0,0,0,0,0,0,0,0,0,0,0,0
2011,5.8,92329,35,1,1,0,0,0,0,0,0,0,0,0,0,0,0,1,0,0,0,0,0
2007,7.7,220664,66,0,1,0,0,0,0,0,1,1,0,0,0,0,0,0,0,0,0,0,0
2013,7.3,379088,90,0,0,0,0,0,1,1,0,0,0,0,0,0,0,0,0,0,0,0,1
2009,5.1,96617,47,0,0,0,0,1,0,0,0,0,0,1,0,0,0,0,0,0,0,0,0
2011,7.7,320323,81,0,0,0,0,1,0,0,0,1,0,0,0,0,0,1,0,0,0,0,0
2015,6.6,97679,56,0,0,0,0,0,0,1,0,0,0,0,0,0,0,0,0,0,0,0,0
2015,7.1,33352,47,0,0,0,0,1,0,1,0,0,0,0,0,0,0,0,0,0,0,0,0
2016,6.7,45579,64,0,0,0,0,1,0,1,0,0,0,0,0,0,0,1,0,0,0,0,0
2015,6.3,171970,42,0,1,0,0,0,0,0,0,0,0,0,0,0,0,0,0,1,0,0,0
2014,5.5,59958,30,1,1,0,0,0,0,0,0,1,0,0,0,0,0,0,0,0,0,0,0
2014,7.7,299718,72,0,0,0,1,0,0,1,0,0,0,0,0,0,0,1,0,0,0,0,0
2013,6.6,327838,67,0,0,0,0,1,0,0,0,1,0,0,0,0,0,0,0,0,0,0,0
2013,7.8,221600,55,0,0,0,0,1,0,1,0,1,0,0,0,0,0,0,0,0,0,0,0
2008,6.9,223065,51,0,0,0,0,1,0,0,0,0,0,0,0,0,0,0,0,0,0,0,1
2014,5.7,14248,42,0,0,0,0,0,0,0,0,0,0,1,0,0,0,0,0,1,0,0,0
2013,7.8,417663,72,1,1,0,0,0,0,0,0,0,0,0,0,0,0,0,0,0,0,0,1
2009,7.7,409403,73,0,1,0,0,1,0,0,0,0,0,1,0,0,0,0,0,0,0,0,0
2016,6.3,89059,72,0,0,0,0,1,0,0,0,0,0,0,0,0,1,0,0,0,0,0,0
2008,8,677044,86,0,0,0,0,0,0,1,0,0,0,0,0,0,0,0,0,0,0,0,1
2012,5.5,194329,52,0,1,0,0,0,0,1,0,1,0,0,0,0,0,0,0,0,0,0,0
2012,7,474320,66,1,1,0,0,0,0,0,0,0,0,0,0,0,0,0,0,0,0,0,1
2016,5.7,28326,38,1,1,0,0,0,0,1,0,0,0,0,0,0,0,0,0,0,0,0,0
2016,6,702,62,1,0,0,0,0,0,1,0,0,0,0,0,0,0,0,0,0,0,0,0
2014,6.8,335531,57,1,0,0,0,0,0,0,0,0,0,0,0,0,1,0,0,0,0,0,0
2016,6.3,38430,36,1,0,0,0,0,1,1,0,0,0,0,0,0,0,0,0,0,0,0,0
2008,6.7,312495,64,1,0,0,0,0,1,0,0,1,0,0,0,0,0,0,0,0,0,0,0
2016,6.9,31776,71,0,0,0,1,1,0,1,0,0,0,0,0,0,0,0,0,0,0,0,0
2016,5.7,7583,33,1,0,0,0,0,1,0,0,0,0,0,0,0,0,0,0,1,0,0,0
2015,6.9,135706,68,0,0,0,1,0,1,1,0,0,0,0,0,0,0,0,0,0,0,0,0
2015,7.6,175673,82,0,0,0,0,0,0,1,0,0,0,0,0,0,0,0,1,0,0,0,0
2016,7.1,61812,64,0,1,0,0,1,0,1,0,0,0,0,0,0,0,0,0,0,0,0,0
2014,6.1,137568,35,1,1,0,0,0,0,0,0,0,0,0,0,0,0,0,0,1,0,0,0
2014,7.6,84016,76,0,0,0,0,1,0,0,0,1,0,1,0,0,0,0,0,0,0,0,0
2015,7.4,169083,57,0,0,0,0,0,0,1,0,0,0,0,0,0,0,0,1,0,0,0,0
2015,7.6,217938,81,0,0,0,0,0,0,1,0,0,1,0,0,0,0,0,0,1,0,0,0
2014,7.8,266508,83,1,1,1,0,0,0,0,0,0,0,0,0,0,0,0,0,0,0,0,1
2015,7.1,154647,64,1,1,0,0,0,0,1,0,0,0,0,0,0,0,0,0,0,0,0,0
2015,5.6,101092,27,1,0,0,0,1,0,0,1,0,0,0,0,0,0,0,0,0,0,0,0
2010,6.7,221117,53,1,1,0,0,0,0,1,0,0,0,0,0,0,0,0,0,0,0,0,0
2013,6.7,355362,60,1,1,0,0,0,0,0,0,0,0,0,0,0,0,0,0,0,0,0,0
2012,6.6,220667,51,1,1,0,0,0,0,0,0,0,0,0,0,0,0,0,0,0,0,0,0
2016,6.3,31913,63,1,0,0,0,1,0,0,0,0,0,0,0,0,0,0,0,0,0,0,0
2015,5.8,31194,39,1,0,0,0,0,1,1,0,0,0,0,0,0,0,0,0,0,0,0,0
2015,7.2,116112,82,0,0,0,1,0,0,1,0,0,0,0,0,0,0,0,0,0,0,0,0
2013,5.4,114482,19,0,0,0,0,1,0,0,0,0,0,0,0,0,0,0,0,0,0,0,0
2015,7.2,112288,51,0,0,0,0,0,0,1,0,1,0,0,0,0,0,1,0,0,0,0,0
2008,6.8,342355,61,1,1,0,0,0,0,0,0,0,0,0,0,0,0,0,0,0,0,0,0
2009,5.5,86417,23,0,0,0,0,1,0,0,0,0,0,0,0,0,0,0,0,0,0,0,0
2012,6.1,113686,72,0,0,0,0,1,0,1,0,0,0,0,0,0,0,0,0,0,0,0,0
2015,6.4,159830,56,1,1,1,0,0,0,0,0,0,0,0,0,0,0,0,0,0,0,0,0
2010,7.7,410607,72,0,1,1,0,1,0,0,0,0,0,0,0,0,0,0,0,0,0,0,1
2014,6.7,49041,29,0,0,0,0,0,0,1,0,0,0,0,0,0,0,1,0,0,0,0,0
2015,6.7,40529,74,0,0,0,0,0,0,1,0,0,0,0,0,0,1,0,0,1,0,0,0
2012,7.4,226661,95,0,0,0,0,0,0,1,0,0,1,0,0,0,0,0,0,1,0,0,1
2010,7.8,316459,71,0,1,1,0,1,0,0,0,0,0,0,0,0,0,0,0,0,0,0,1
2015,6.6,202380,65,1,1,0,0,0,0,0,0,0,0,0,0,0,0,0,0,0,0,0,0
2015,6.1,74589,34,0,1,0,0,1,0,0,0,0,0,0,0,0,0,0,0,0,0,0,0
2008,7.8,502961,50,1,0,0,0,0,0,0,0,0,0,0,0,0,0,0,0,1,0,0,1
2015,6.5,108306,63,0,0,0,0,1,0,0,0,0,0,0,1,0,0,0,0,0,0,0,0
2013,7.3,252119,65,0,1,1,0,1,0,0,0,0,0,0,0,0,0,0,0,0,0,0,1
2016,5.6,48161,38,1,1,0,0,0,1,0,0,0,0,0,0,0,0,0,0,0,0,0,0
2014,5.4,34546,55,0,0,0,0,1,0,1,0,0,0,1,0,0,0,0,0,0,0,0,0
2010,7.7,357213,65,0,1,0,0,0,0,0,1,1,0,0,0,0,0,0,0,0,0,0,1
2011,7.2,155010,72,0,0,0,0,0,0,1,0,0,0,0,0,0,0,0,0,0,0,0,0
2011,6.8,164208,65,1,0,0,0,0,0,1,0,0,0,0,0,0,0,0,0,1,0,0,0
2007,5.7,8914,35,0,0,0,0,0,0,1,0,0,0,0,0,0,0,0,0,0,0,0,0
2016,5.8,35003,45,1,0,0,0,0,0,0,0,0,0,1,0,0,0,1,0,0,0,0,0
2014,6.2,237887,48,1,0,0,0,0,0,1,0,1,0,0,0,0,0,0,0,0,0,0,0
2016,5.9,100702,28,1,0,0,0,0,1,1,0,0,0,0,0,0,0,0,0,0,0,0,0
2008,7.8,485075,70,0,0,0,0,0,0,1,0,1,0,0,0,0,0,1,0,0,0,0,1
2014,6.5,122185,46,1,0,0,0,0,1,0,0,0,0,0,0,0,0,0,0,1,0,0,0
2007,8.1,525700,85,1,0,0,0,0,0,0,0,0,0,0,0,0,1,0,0,1,0,0,1
2009,8.4,238789,67,0,0,0,0,1,0,1,0,0,0,0,0,0,0,0,0,0,0,0,0
2016,4.7,48297,34,0,0,0,0,1,0,0,0,0,0,0,0,0,0,0,0,0,0,0,0
2013,7,494819,63,1,1,0,0,0,0,0,0,0,0,1,0,0,0,0,0,0,0,0,1
2011,7.4,382459,73,1,1,0,0,0,0,0,0,0,0,0,0,0,0,0,0,1,0,0,1
2015,7.1,58421,33,0,0,0,0,0,0,1,0,0,0,0,0,0,0,1,0,0,0,0,0
2012,7.6,156189,73,0,0,0,0,0,0,1,0,0,0,0,0,0,0,0,0,1,0,0,0
2013,6.6,214825,41,1,0,0,0,1,1,0,0,0,0,0,0,0,0,0,0,0,0,0,0
2013,6.3,181521,44,0,1,0,0,0,0,0,1,1,0,0,0,0,0,0,0,0,0,0,0
2015,7.5,94977,87,0,0,0,0,0,0,1,0,0,0,0,0,0,0,1,0,0,0,0,0
2009,7.7,156620,80,0,0,1,0,0,0,0,1,1,0,0,0,0,0,0,0,0,0,0,0
2010,7.4,151409,81,0,0,0,0,0,0,1,0,0,0,0,0,0,0,1,0,0,0,0,0
2012,7.1,213764,59,1,0,0,0,0,0,0,0,0,0,0,0,0,0,0,0,0,0,0,0
2016,7.9,52331,81,0,1,0,0,1,0,1,0,0,0,0,0,0,0,0,0,0,0,0,0
2014,7.8,309186,74,1,1,1,0,0,0,0,0,0,0,0,0,0,0,0,0,0,0,0,1
2013,5.9,113272,53,0,0,0,0,0,0,1,0,0,0,1,0,0,0,0,0,0,0,0,0
2010,7,556666,57,1,1,0,0,0,0,0,0,0,0,0,0,0,0,0,0,0,0,0,1
2015,7,58720,49,0,0,0,0,1,0,1,0,0,0,0,0,0,0,0,0,0,0,0,0
2009,6.8,126656,28,1,0,0,0,0,0,0,0,0,0,1,0,0,1,0,0,0,0,0,0
2013,6.5,214994,41,1,0,0,0,0,0,0,0,0,0,0,0,0,0,0,0,1,0,0,0
2011,6.1,202682,36,1,1,0,0,0,0,0,0,0,0,0,0,0,0,0,0,0,0,0,0
2012,8.3,192263,76,0,0,0,0,0,0,1,0,0,0,0,0,0,0,0,0,0,0,0,0
2009,6.7,241709,48,0,0,0,0,1,0,1,0,0,0,0,0,0,0,1,0,0,0,0,0
2015,6,95119,34,0,0,0,0,1,1,0,0,0,0,0,0,0,0,0,0,0,0,0,0
2011,6.4,182069,33,0,0,0,0,1,0,0,0,0,0,0,0,0,0,1,0,0,0,0,0
2008,7.3,159736,69,0,0,0,0,0,0,1,0,0,0,0,0,0,0,1,0,0,0,0,0
2010,7.6,294553,74,0,0,0,0,0,1,1,0,0,0,0,0,0,0,0,0,1,0,0,1
2016,6,51235,42,0,0,0,0,0,0,0,0,0,0,1,0,0,1,0,0,1,0,0,0
2016,6.6,8229,63,0,0,0,1,0,0,1,0,0,0,0,0,0,0,0,0,0,0,0,0
2015,6.3,57602,60,0,1,0,0,1,0,0,1,0,0,0,0,0,0,0,0,0,0,0,0
2011,7.5,357436,48,1,1,0,0,0,1,0,0,0,0,0,0,0,0,0,0,0,0,0,1
2010,6.4,255813,65,1,0,0,0,0,1,0,0,0,0,0,0,0,1,0,0,0,0,0,0
2013,6.9,111558,61,0,0,0,0,0,0,0,0,0,0,0,0,0,1,0,0,1,0,0,0
2009,8,556794,81,1,0,0,0,0,0,0,0,0,0,0,0,0,0,0,0,1,0,0,1
2010,6.7,199900,64,1,0,0,0,1,1,0,0,0,0,0,0,0,0,0,0,0,0,0,0
2007,7.8,337835,76,0,0,0,1,0,1,1,0,0,0,0,0,0,0,0,0,0,0,0,1
2006,6.4,83941,65,0,0,0,1,0,0,1,0,0,1,0,0,0,0,0,0,0,0,0,0
2009,5.8,297984,49,1,1,0,0,0,0,0,0,0,0,0,0,0,0,0,0,0,0,0,0
2009,7.5,351059,78,0,1,0,0,0,0,0,1,1,0,0,0,0,0,0,0,0,0,0,1
2012,7.7,481274,86,0,0,0,1,0,0,1,0,0,1,0,0,0,0,0,0,0,0,0,1
2016,7.4,56332,54,0,0,0,1,1,0,1,0,0,0,0,0,0,0,0,0,0,0,0,0
2006,8.5,278103,89,0,0,0,0,0,0,1,0,0,0,0,0,0,0,0,0,1,0,0,0
2008,7.2,226619,67,0,0,0,0,1,0,1,0,0,0,0,0,0,0,1,0,0,0,0,0
2014,6.5,93799,47,0,0,0,0,0,0,1,0,0,0,0,0,0,0,1,0,0,0,0,0
2016,6.3,48400,52,1,0,0,0,0,1,1,0,0,0,0,0,0,0,0,0,0,0,0,0
2012,7.8,254446,84,0,1,0,0,1,0,1,0,0,0,0,0,0,0,0,0,0,0,0,0
2007,6.7,102954,81,0,0,0,0,1,0,1,1,0,0,0,0,0,0,0,0,0,0,0,0
2013,6.7,84765,34,0,0,0,0,0,0,1,0,0,0,0,0,0,0,1,0,1,0,0,0
2015,6.6,166489,56,0,0,0,0,1,1,1,0,0,0,0,0,0,0,0,0,0,0,0,0
2007,8,504039,96,0,0,1,0,1,0,0,1,0,0,0,0,0,0,0,0,0,0,0,1
2010,6.5,36091,66,0,0,0,0,0,0,1,0,0,0,1,0,0,0,0,0,0,0,0,0
2010,6.9,241359,53,1,1,0,0,0,0,1,0,0,0,0,0,0,0,0,0,0,0,0,1
2008,7,313803,64,1,0,0,0,0,0,0,0,0,0,1,0,0,0,0,0,0,0,0,0
2015,5.3,44553,34,1,0,0,0,0,1,0,0,0,0,0,0,0,0,0,1,0,0,0,0
2013,6.3,94707,78,0,0,0,0,0,0,1,0,0,0,1,0,0,0,0,0,0,0,0,0
2007,7.2,565721,65,0,0,0,0,0,0,1,0,0,0,1,0,0,0,0,0,0,0,0,1
2012,6.8,278379,58,1,1,0,0,1,0,0,0,0,0,0,0,0,0,0,0,0,0,0,0
2011,7.1,298913,72,0,0,0,0,0,0,0,0,0,0,0,0,0,1,0,0,1,0,0,1
2009,7.4,228339,34,0,0,0,0,0,1,1,0,0,0,0,0,0,0,0,0,1,0,0,0
2009,8.3,722203,88,0,1,1,0,1,0,0,0,0,0,0,0,0,0,0,0,0,0,0,1
2015,6.3,159364,43,1,0,0,0,0,0,0,0,0,0,0,0,0,0,0,0,1,0,0,0
2015,7.2,77995,95,0,0,0,0,0,0,1,0,0,0,0,0,0,0,1,0,0,0,0,0
2015,7.3,52636,64,0,0,0,0,1,0,1,0,0,0,0,1,0,0,0,0,0,0,0,0
2012,6.5,107960,59,0,0,0,0,0,1,1,0,0,0,0,0,0,0,0,0,1,0,0,0
2009,7.7,398972,76,0,0,0,0,1,0,1,0,0,0,0,0,0,0,1,0,0,0,0,0
2013,4.3,83625,18,0,0,0,0,1,0,0,0,0,0,0,0,0,0,1,0,0,0,0,0
2013,7.8,622089,96,0,0,0,0,0,0,1,0,0,0,0,0,0,0,0,0,1,0,0,1
2008,7.8,144614,55,0,0,0,0,0,0,1,0,0,0,0,0,0,0,0,0,0,1,0,0
2007,7.2,267820,53,1,0,0,0,0,1,1,0,0,0,0,0,0,0,0,0,0,0,0,0
2008,5,170897,34,0,0,0,0,0,0,0,0,0,0,0,0,0,0,0,0,1,0,0,0
2015,7.1,47289,72,0,1,0,0,0,0,1,0,0,0,1,0,0,0,0,0,0,0,0,0
2010,7.1,294950,72,0,0,0,0,1,0,1,0,0,0,0,0,0,0,1,0,0,0,0,0
2014,6,137299,52,1,1,0,0,0,0,1,0,0,0,0,0,0,0,0,0,0,0,0,0
2015,6.9,188769,41,1,0,0,0,0,1,1,0,0,0,0,0,0,0,0,0,0,0,0,0
2013,7.9,513744,66,0,1,0,0,0,0,0,0,1,0,0,0,0,0,0,0,0,0,0,1
2013,6.2,1356,51,0,0,0,0,0,0,1,0,0,0,0,0,0,0,1,0,0,0,0,0
2016,7.2,24100,59,0,0,0,1,0,0,0,0,0,1,0,0,0,0,0,0,1,0,0,0
2013,5.3,84927,48,0,0,0,0,0,1,1,0,0,0,0,0,0,0,0,0,1,0,0,0
2016,4.7,1830,57,1,0,0,0,0,0,1,0,0,1,0,0,0,0,0,0,0,0,0,0
2010,7,36043,60,0,0,0,0,0,1,1,0,0,0,0,0,0,0,0,0,1,0,0,0
2016,3.9,552,61,1,0,0,1,0,0,1,0,0,0,0,0,0,0,0,0,0,0,0,0
2013,5.4,26461,38,0,1,0,0,0,0,0,0,0,0,1,0,0,0,0,0,0,0,0,0
2014,6.4,318058,62,1,1,0,0,0,0,0,0,0,0,0,0,0,0,0,0,0,0,0,0
2012,6.7,245374,61,1,1,0,0,0,0,0,0,0,0,0,0,0,1,0,0,0,0,0,0
2006,6.9,74674,47,0,0,0,0,1,0,1,0,0,0,0,0,0,0,1,0,0,0,0,0
2016,5.4,12758,59,0,0,0,0,0,0,0,0,0,0,1,0,0,0,0,0,1,0,0,0
2014,6.4,352698,61,1,0,0,0,0,0,0,0,0,0,0,0,0,0,0,0,1,0,0,0
2016,7.2,1024,77,0,0,0,1,0,0,1,0,0,0,0,0,0,0,0,0,0,0,0,0
2014,6.5,143389,39,1,0,0,0,0,1,1,0,0,0,0,0,0,0,0,0,0,0,0,0
2012,7,250811,50,1,0,0,0,0,1,0,0,0,0,0,0,0,1,0,0,0,0,0,0
2016,5.7,24761,22,1,1,0,0,1,0,0,0,0,0,0,0,0,0,0,0,0,0,0,0
2010,7.2,137964,77,0,0,0,0,0,0,0,0,0,0,0,0,0,1,0,0,1,0,0,0
2011,7.4,444417,59,0,0,0,0,0,0,0,0,0,0,0,0,0,1,0,0,1,0,0,0
2016,6.7,54787,76,0,0,0,0,0,0,1,0,0,0,0,0,0,1,0,0,0,0,0,0
2016,6.8,10485,83,0,0,0,0,1,0,1,0,0,0,0,0,0,0,0,0,0,0,0,0
2010,6.5,324898,53,0,1,0,0,0,0,0,1,1,0,0,0,0,0,0,0,0,0,0,0
2016,6.8,391,68,0,0,0,1,0,0,1,0,0,0,0,0,0,0,0,1,0,0,0,0
2006,5.8,106381,45,0,0,0,0,1,0,1,0,0,0,0,0,0,0,1,0,0,0,0,0
2016,7.1,17141,79,0,0,0,1,0,0,1,0,0,0,0,0,0,0,1,0,0,0,0,0
2015,4.3,121847,27,1,1,0,0,0,0,0,0,0,0,0,0,0,0,0,0,0,0,0,0
2015,4.6,30180,30,0,0,0,0,0,0,0,0,0,0,0,0,0,1,0,0,1,0,0,0
2015,7.1,96688,77,0,0,0,0,0,0,0,0,0,0,0,0,0,1,0,0,1,0,0,0
2014,6.3,148504,40,1,0,0,0,0,0,1,0,1,0,0,0,0,0,0,0,0,0,0,0
2015,6.9,90372,47,1,1,0,1,0,0,0,0,0,0,0,0,0,0,0,0,0,0,0,0
2006,6.6,115355,66,0,1,0,0,1,0,0,0,0,0,0,0,0,0,0,0,0,0,0,0
2010,6.5,283282,45,1,1,0,0,0,0,0,0,0,0,0,0,0,0,0,0,1,0,0,0
2013,6.5,133113,57,0,0,0,0,0,0,0,0,1,0,1,0,0,0,0,0,0,0,0,0
2012,6.8,171169,53,0,0,0,0,0,0,0,0,0,0,1,0,0,1,0,0,0,0,0,0
2012,7.8,290559,72,0,1,1,0,1,0,0,0,0,0,0,0,0,0,0,0,0,0,0,1
2012,6.1,239772,57,1,1,0,0,0,0,1,0,0,0,0,0,0,0,0,0,0,0,0,0
2015,5.8,47804,36,0,1,0,0,0,0,0,1,1,0,0,0,0,0,0,0,0,0,0,0
2011,6.3,338369,42,1,1,0,0,0,0,0,0,0,0,0,0,0,0,0,0,0,0,0,0
2007,7.5,432461,81,0,0,0,0,1,0,1,0,0,0,0,0,0,0,0,0,0,0,0,1
2016,6.1,26521,58,0,0,0,0,1,0,1,0,0,0,0,0,0,0,0,0,0,0,0,0
2016,6.5,68654,55,0,0,0,0,0,1,1,0,0,0,0,0,0,0,0,0,1,0,0,0
2014,6,110825,39,0,0,0,0,1,0,0,0,0,0,0,0,0,0,1,0,0,0,0,0
2007,7.1,150353,75,0,0,1,0,1,0,0,1,0,0,0,0,0,0,0,0,0,0,0,0
2015,7.1,159582,51,0,0,0,0,1,0,1,0,0,0,0,0,0,0,0,0,0,0,0,0
2006,7.8,374044,80,0,0,0,0,1,0,1,0,0,0,0,0,0,0,0,0,0,0,0,0
2016,6.8,11900,62,0,0,0,1,0,0,1,0,0,0,0,0,0,0,0,1,0,0,0,0
2010,5.8,238206,39,1,1,0,0,0,0,0,0,1,0,0,0,0,0,0,0,0,0,0,0
2016,6.8,44425,58,1,0,0,0,0,0,1,0,0,1,0,0,0,0,0,0,0,0,0,0
2010,6.8,273959,49,1,1,0,0,0,0,0,0,0,0,0,0,0,0,0,0,0,0,0,0
2013,7.6,525646,76,1,1,0,0,0,0,0,0,0,0,0,0,0,1,0,0,0,0,0,1
2010,6.3,44158,57,0,0,0,0,0,1,1,0,0,0,0,0,0,1,0,0,0,0,0,0
2016,4.9,6809,37,1,0,0,0,0,0,0,0,0,0,0,0,0,0,0,0,0,0,0,0
2014,5.1,89885,36,0,0,0,0,1,0,0,0,0,0,0,0,0,0,1,0,0,0,0,0
2012,5.7,60059,41,0,0,0,0,1,0,1,0,0,0,0,0,0,0,1,0,0,0,0,0
2011,7.6,297395,87,0,0,0,1,0,0,1,0,0,0,0,0,0,0,0,1,0,0,0,0
2007,5.2,190673,35,1,0,0,0,0,0,0,0,1,0,0,0,0,0,0,0,1,0,0,0
2014,7.2,114006,59,0,0,0,1,0,0,1,0,0,0,0,0,0,0,0,1,0,0,0,0
2011,6,142900,46,1,0,0,0,0,0,1,0,1,0,0,0,0,0,0,0,0,0,0,0
2007,7.3,199860,64,0,1,0,0,0,0,0,0,0,0,0,0,0,0,0,0,1,0,0,0
2012,7.2,293941,69,0,1,1,0,1,0,0,0,0,0,0,0,0,0,0,0,0,0,0,1
2009,7.8,182074,76,0,0,0,0,0,0,1,0,0,0,0,0,0,1,0,0,1,0,0,0
2013,6.2,25208,37,0,0,0,0,0,0,1,0,0,0,0,0,0,0,1,0,0,0,0,0
2014,7.1,116118,69,0,0,0,0,0,1,1,0,0,0,0,0,0,1,0,0,0,0,0,0
2006,6.4,122864,45,0,0,0,0,1,0,0,0,0,0,0,0,0,0,1,1,0,0,0,0
2015,6.1,68306,42,0,0,0,0,1,0,0,1,0,0,0,0,0,0,0,0,0,0,0,0
2010,7.2,97141,79,0,0,0,0,0,0,1,0,0,0,1,0,0,1,0,0,0,0,0,0
2008,6.6,84083,39,1,0,0,0,0,0,1,0,0,0,0,0,0,0,0,1,0,0,0,0
2016,6.2,63408,44,1,1,0,0,1,0,0,0,0,0,0,0,0,0,0,0,0,0,0,0
2009,7.9,277123,67,0,0,0,0,0,0,1,0,0,0,0,0,0,1,0,0,0,0,0,0
2010,7.3,183926,63,1,0,1,0,1,0,0,0,0,0,0,0,0,0,0,0,0,0,0,0
2013,6.7,181432,40,1,0,0,0,0,1,1,0,0,0,0,0,0,0,0,0,0,0,0,0
2016,6.4,40357,66,1,0,0,0,0,1,1,0,0,0,0,0,0,0,0,0,0,0,0,0
2016,7.2,89791,66,1,1,1,0,0,0,0,0,0,0,0,0,0,0,0,0,0,0,0,0
2015,5.1,1630,90,0,0,0,0,0,1,1,0,0,0,0,0,0,0,0,0,0,0,0,0
2011,6.9,368556,57,0,0,0,0,1,1,0,0,0,0,0,0,0,0,0,0,0,0,0,1
2014,8.1,33560,74,0,0,0,0,0,0,1,0,0,0,0,0,0,0,0,0,0,0,0,0
2008,7,216932,78,1,1,0,0,0,0,0,0,1,0,0,0,0,0,0,0,0,0,0,0
2013,6.2,71822,52,0,0,0,0,0,0,1,0,1,0,0,0,0,0,1,0,0,0,0,0
2016,7.6,24387,93,0,0,0,0,1,0,1,0,0,0,0,0,0,0,0,0,0,0,0,0
2009,6.7,130702,42,0,0,0,0,0,0,1,0,1,0,0,0,0,0,0,0,1,0,0,0
2007,7.5,143564,68,0,0,0,1,0,1,1,0,0,0,0,0,0,0,0,0,0,0,0,0
2013,6.6,199973,66,0,0,0,0,1,0,1,0,0,0,0,0,0,0,1,0,0,0,0,0
2016,6.3,21089,48,1,0,0,0,0,1,1,0,0,0,0,0,0,0,0,0,0,0,0,0
2016,4,277,53,0,0,0,0,0,0,0,0,0,0,0,0,0,0,0,0,0,0,0,0
2015,6.3,30053,52,1,0,0,0,1,0,0,0,0,0,0,0,0,0,1,0,0,0,0,0
2013,7.3,249877,54,0,1,0,0,1,0,1,0,0,0,0,0,0,0,0,0,0,0,0,0
2015,7.3,66400,72,0,0,0,0,1,1,1,0,0,0,0,0,0,0,0,0,0,0,0,0
2012,6.4,127157,39,1,0,0,0,0,0,0,0,1,0,1,0,0,0,0,0,0,0,0,0
2009,6.6,94069,49,0,0,0,0,0,0,1,0,0,0,1,0,0,0,0,0,0,0,0,0
2009,5.6,78631,34,0,0,0,0,0,0,0,0,0,0,1,0,0,0,0,0,0,0,0,0
2014,6,144715,26,1,0,0,0,0,0,0,0,0,0,0,0,0,0,0,0,1,0,0,0
2012,6.3,210965,43,1,1,0,0,0,0,0,0,0,0,0,0,0,1,0,0,0,0,0,0
2006,6.7,406540,58,1,1,0,0,0,0,0,0,1,0,0,0,0,0,0,0,0,0,0,0
2014,6.2,74886,47,0,1,0,0,1,0,0,1,0,0,0,0,0,0,0,0,0,0,0,0
2010,6.7,151519,55,0,0,0,0,1,0,1,0,0,0,0,0,0,0,1,0,0,0,0,0
2014,6.6,261536,52,0,0,0,0,1,0,0,0,0,0,0,0,0,0,0,0,0,0,0,0
2006,7,73491,85,0,0,0,0,1,0,1,0,0,0,1,0,0,0,0,0,0,0,0,0
2007,7,309398,85,0,0,0,0,1,0,0,0,0,0,0,0,0,0,1,0,0,0,0,1
2011,7.5,404884,74,0,0,0,0,0,0,0,0,0,0,0,0,0,1,1,0,0,0,0,0
2012,7.3,195360,58,0,0,0,0,0,1,1,0,0,0,0,0,0,0,0,0,0,0,0,0
2014,5.6,50402,59,0,0,0,0,0,0,1,0,0,0,1,0,0,1,0,0,0,0,0,0
2012,6.7,178471,49,0,0,0,0,1,0,0,0,0,0,0,0,0,0,0,0,0,0,0,0
2006,8,361105,64,0,0,0,1,0,0,1,0,0,0,0,0,0,0,0,0,0,0,0,1
2014,8.1,110100,77,0,0,0,0,1,0,1,0,0,0,0,0,0,0,0,0,1,0,0,0
2016,7.5,4304,73,0,0,0,0,0,0,1,0,0,1,0,0,0,0,0,0,0,1,0,0
2015,6.6,76469,42,0,0,0,0,1,0,1,0,0,0,0,0,0,0,0,0,0,0,0,0
2014,5.6,44111,30,1,0,0,0,1,0,0,0,1,0,0,0,0,0,0,0,0,0,0,0
2007,7.4,296289,83,0,0,0,0,0,0,1,0,0,0,1,1,1,0,0,0,0,0,0,0
2010,6.8,219916,52,0,0,0,0,0,0,0,0,0,0,1,0,0,1,0,0,1,0,0,0
2016,6.7,30875,68,0,0,0,0,1,0,0,0,0,0,0,1,0,0,0,0,0,0,0,0
2009,7,240323,70,0,0,0,1,0,1,1,0,0,0,0,0,0,0,0,0,0,0,0,1
2014,7.9,286722,100,0,0,0,0,0,0,1,0,0,0,0,0,0,0,0,0,0,0,0,0
2014,5.9,178527,31,1,1,0,0,1,0,0,0,0,0,0,0,0,0,0,0,0,0,0,0
2007,7.7,198006,82,0,0,0,0,0,1,1,0,0,0,0,0,0,1,0,0,0,0,0,0
2015,6.7,2798,62,0,0,0,0,0,0,1,0,0,0,0,0,0,0,0,0,0,0,0,0
2008,7,267872,64,1,0,0,0,1,1,0,0,0,0,0,0,0,0,0,0,0,0,0,1
2012,6.9,54027,55,0,0,0,0,1,0,1,0,0,0,0,0,0,0,1,0,0,0,0,0
2007,7.7,206707,72,0,0,0,0,0,1,1,0,0,0,0,0,0,1,0,0,0,0,0,0
2013,6.6,140151,60,1,0,0,0,1,1,0,0,0,0,0,0,0,0,0,0,0,0,0,0
2016,7.1,5796,88,0,0,0,0,0,0,1,0,0,0,0,0,0,0,0,0,0,0,0,0
2012,6.6,75291,63,0,0,0,0,0,0,1,0,0,0,0,0,0,0,1,0,0,0,0,0
2015,5.7,26320,32,0,0,0,0,0,1,1,0,0,0,0,0,0,1,0,0,0,0,0,0
2015,6.3,136323,48,0,1,0,0,1,0,0,0,0,0,0,0,0,0,1,0,0,0,0,0
2013,6.5,168875,45,0,0,0,0,1,1,1,0,0,0,0,0,0,0,0,0,0,0,0,0
2006,8,422014,64,0,1,0,0,0,0,1,0,0,0,0,0,0,0,0,0,1,0,0,0
2015,6.5,47703,41,0,0,0,0,0,1,1,0,0,0,0,0,0,0,0,0,1,0,0,0
2008,7.6,352023,94,0,0,0,0,0,0,1,0,0,1,0,0,0,0,0,0,1,0,0,0
2011,5.6,231907,39,1,1,0,0,0,0,0,0,0,0,0,0,0,0,0,0,0,0,0,0
2007,7.2,233346,58,0,0,0,0,0,0,0,0,0,0,1,0,0,0,0,0,0,0,0,0
2013,6.7,188004,49,1,0,0,0,0,1,0,0,0,0,0,0,0,1,0,0,0,0,0,0
2014,7.2,80415,44,0,0,0,0,1,0,0,0,0,0,0,0,0,0,1,0,0,0,0,0
2015,6.5,57874,56,0,0,0,0,1,0,0,0,0,0,0,0,0,0,0,0,0,0,0,0
2016,7.2,2403,78,1,0,0,0,0,0,1,0,0,0,0,0,0,0,0,0,1,0,0,0
2014,6.7,331902,64,1,1,0,0,0,0,0,0,0,0,0,0,0,0,0,0,0,0,0,0
2011,7.5,104953,68,0,0,0,0,0,0,1,0,0,0,0,0,0,1,0,0,1,0,0,0
2016,6.5,16164,87,0,0,0,0,1,0,1,0,0,0,0,0,0,0,1,0,0,0,0,0
2013,5.9,112313,33,1,0,0,0,0,0,0,0,1,0,1,0,0,0,0,0,0,0,0,0
2008,7.7,245144,36,0,0,0,0,0,0,1,0,0,0,0,0,0,0,1,0,0,0,0,0
2010,8,534388,88,0,0,0,1,0,0,1,0,0,0,0,0,0,0,0,0,0,0,0,1
2008,7.6,54486,82,0,0,0,1,0,0,1,0,0,0,0,0,0,0,0,0,0,0,0,0
2008,6.1,252503,35,1,1,0,0,0,0,0,0,0,0,0,0,0,0,0,0,0,0,0,0
2010,8.3,586669,92,0,1,1,0,1,0,0,0,0,0,0,0,0,0,0,0,0,0,0,1
2011,7.1,157053,85,0,0,0,0,0,0,1,0,0,0,0,0,0,1,0,0,1,0,0,0
2012,5.4,114144,39,1,0,0,0,0,0,0,0,0,0,1,0,0,0,0,0,0,0,0,0
2016,7.8,23540,56,0,0,0,0,0,0,1,0,0,0,0,0,0,0,1,0,0,0,0,0
2014,5.5,90188,39,1,1,0,0,0,0,1,0,0,0,0,0,0,0,0,0,0,0,0,0
2012,7.9,471109,79,0,1,0,0,0,0,1,0,1,0,0,0,0,0,0,0,0,0,0,1
2014,7.3,86271,57,0,0,0,0,0,0,1,0,0,0,0,0,0,0,1,0,0,0,0,0
2007,7.2,347567,69,1,1,0,0,0,0,0,0,0,0,0,0,0,0,0,0,1,0,0,1
2012,7,494641,62,0,0,0,0,1,0,0,0,1,0,0,0,0,0,0,0,0,0,0,1
2010,7.1,250012,60,1,0,0,0,1,1,0,0,0,0,0,0,0,0,0,0,0,0,0,1
2008,6.6,106115,53,0,1,0,0,0,0,1,0,0,0,0,0,0,0,1,0,0,0,0,0
2010,6.5,83788,44,1,0,0,0,0,1,1,0,0,0,0,0,0,0,0,0,0,0,0,0
2016,6.5,5908,53,0,0,0,0,1,0,1,0,0,0,0,0,0,0,1,0,0,0,0,0
2014,7.4,146812,48,0,0,0,0,0,1,1,0,0,0,0,0,0,0,0,0,0,0,0,0
2013,6.2,18437,50,0,0,0,0,0,1,1,0,0,0,0,0,0,1,0,0,0,0,0,0
2009,6,335757,35,1,1,0,0,0,0,0,0,0,0,0,0,0,0,0,0,0,0,0,0
2016,7.6,11482,86,0,0,1,0,0,0,0,0,1,0,0,0,0,0,0,0,0,0,0,0
2014,7.3,50388,67,0,1,1,0,1,0,0,0,0,0,0,0,0,0,0,0,0,0,0,0
2010,8.2,92863,80,0,0,0,0,0,0,1,0,0,0,0,0,0,1,0,0,0,1,0,0
2007,5.8,74664,46,0,0,0,0,1,0,0,0,0,0,0,0,0,0,1,0,0,0,0,0
2006,6.5,141141,77,0,0,1,0,1,0,0,1,0,0,0,0,0,0,0,0,0,0,0,0
2015,6.6,64557,38,0,0,0,0,1,0,0,0,0,0,0,0,0,0,0,0,0,0,0,0
2008,6.2,96718,47,0,0,0,0,0,0,0,0,0,0,1,0,0,1,0,0,1,0,0,0
2014,5.8,209700,68,1,1,0,0,0,0,1,0,0,0,0,0,0,0,0,0,0,0,0,0
2014,6.4,236500,68,0,0,0,0,1,0,0,0,0,0,0,0,0,0,0,0,0,0,0,0
2013,6.7,65824,60,0,0,0,0,0,0,1,0,0,0,0,0,0,0,0,0,0,0,0,0
2014,7.1,95553,76,0,1,0,1,0,0,1,0,0,0,0,0,0,0,0,0,0,0,0,0
2010,6,190385,30,0,0,0,0,1,0,0,0,0,0,0,0,0,0,0,0,0,0,0,0
2016,5.1,26088,47,0,0,0,0,0,0,0,0,0,0,1,0,0,0,0,0,1,0,0,0
2010,6.2,127983,61,1,0,0,0,0,0,1,1,0,0,0,0,0,0,0,0,0,0,0,0
2012,6.2,209326,55,0,0,0,0,1,0,0,0,1,0,1,0,0,0,0,0,0,0,0,0
2011,6.6,286543,63,0,0,0,0,1,0,0,0,0,0,0,0,0,0,1,0,0,0,0,0
2006,7.6,309934,68,0,0,0,0,0,0,1,0,0,0,0,0,0,1,1,0,0,0,0,0
2010,6.8,219116,47,1,1,0,0,1,0,0,0,0,0,0,0,0,0,0,0,0,0,0,0
2014,6.7,71069,76,0,0,0,0,0,0,0,0,0,0,0,0,0,0,0,0,1,0,0,0
2013,6.3,166342,42,0,0,0,0,1,0,0,0,0,0,0,0,0,0,0,0,0,0,0,0
2011,7,201707,57,0,1,0,0,1,0,0,0,0,0,0,0,0,0,0,0,0,0,0,0
2006,6.6,338280,46,0,0,0,0,0,0,0,0,0,0,0,0,0,1,0,0,1,0,0,0
2016,7.7,16163,37,0,0,0,0,1,0,1,0,0,0,0,0,0,0,0,0,0,0,0,0
2011,7.5,259182,83,0,1,0,0,0,0,1,1,0,0,0,0,0,0,0,0,0,0,0,0
2015,5.6,4155,68,0,0,0,0,0,0,0,0,0,0,1,0,0,0,0,0,1,0,0,0
2008,7.1,182305,57,1,0,0,0,0,0,1,0,0,0,0,0,0,0,1,0,0,0,0,0
2015,5.7,17439,53,0,0,0,0,0,0,1,0,0,0,0,0,0,0,1,0,0,0,0,0
2008,5.2,124554,31,1,1,0,0,0,0,0,0,1,0,0,0,0,0,0,0,0,0,0,0
2016,5.4,29642,40,0,0,0,0,1,0,0,0,0,0,0,0,0,0,0,0,0,0,0,0
2016,6.6,8998,54,1,0,0,1,0,0,1,0,0,0,0,0,0,0,0,0,0,0,0,0
2009,8.2,144524,80,0,0,0,0,0,0,1,0,0,0,0,0,0,1,1,0,0,0,0,0
2010,7.6,254904,80,0,1,0,0,0,0,1,0,0,0,0,0,0,0,0,0,0,0,1,1
2015,6.2,25903,46,0,0,0,0,0,0,1,0,0,0,0,1,0,0,1,0,0,0,0,0
2014,6.1,144779,44,0,0,0,0,1,0,0,0,0,0,0,0,0,0,1,0,0,0,1,0
2016,6.1,30035,65,0,0,0,0,0,0,0,0,0,0,1,0,0,0,0,0,1,0,0,0
2013,5.9,91684,39,0,1,0,0,0,0,0,1,1,0,0,0,0,0,0,0,0,0,0,0
2007,7.2,148943,68,0,0,0,0,0,1,1,0,0,0,0,0,0,1,0,0,0,0,0,0
2013,6.5,92875,61,0,0,0,0,0,0,0,0,0,0,1,0,0,1,0,0,0,0,0,0
2008,7.9,322536,67,0,0,0,0,1,1,1,0,0,0,0,0,0,0,0,0,0,0,0,0
2012,6.3,154400,31,1,0,0,0,1,0,0,0,0,0,0,0,0,0,1,0,0,0,0,0
2010,7.8,290056,79,1,0,0,1,0,0,1,0,0,0,0,0,0,0,0,0,0,0,0,1
2007,7.5,91229,38,0,0,0,0,0,0,1,0,0,0,0,1,0,0,0,0,0,0,0,0
2014,7.3,151970,68,0,0,0,0,1,0,1,0,0,0,0,0,0,0,0,0,0,0,0,0
2015,7.3,57826,73,0,0,0,0,0,0,1,0,0,0,0,0,0,0,0,0,1,1,0,0
2008,6.6,156158,43,1,0,0,0,0,0,0,0,0,0,0,0,0,1,0,0,1,0,0,0
2013,5.7,154588,41,0,0,0,0,0,0,0,0,0,0,1,0,0,0,0,0,1,0,0,0
2014,8.2,103279,51,0,0,0,0,1,0,1,0,0,0,0,0,0,0,1,0,0,0,0,0
2008,6.2,351361,65,1,1,0,0,0,0,0,0,1,0,0,0,0,0,0,0,0,0,0,0
2015,6.3,72515,56,0,0,0,0,0,0,1,0,0,0,0,0,0,1,1,0,0,0,0,0
2015,5.7,25928,65,0,0,0,0,0,0,1,0,0,0,0,0,0,0,0,0,0,0,0,0
2008,6.6,347798,58,1,1,0,0,0,0,0,0,0,0,0,0,0,0,0,0,1,0,0,0
2010,8.1,523893,74,1,1,1,0,0,0,0,0,0,0,0,0,0,0,0,0,0,0,0,1
2006,5.6,82701,36,0,0,0,0,0,0,1,0,1,0,0,0,0,1,0,0,0,0,0,0
2006,7.3,199193,51,0,0,0,0,0,0,1,0,0,0,0,0,0,0,0,0,0,0,0,0
2011,6.2,110490,57,0,1,1,0,1,0,0,0,0,0,0,0,0,0,0,0,0,0,0,0
2016,5.1,10871,35,0,0,0,0,0,0,0,0,0,0,1,0,0,0,0,0,1,0,0,0
2011,6.9,218679,56,1,0,0,0,0,0,0,0,0,0,0,0,0,1,0,0,1,0,0,0
2015,6.5,67196,34,1,0,0,0,0,0,0,0,0,0,0,0,0,1,0,0,0,0,0,0
2007,7.3,128146,45,0,0,0,0,0,1,1,0,0,0,0,0,0,0,0,0,1,0,0,0
2014,6.9,31370,31,0,0,0,0,1,0,1,0,0,0,0,0,0,0,1,0,0,0,0,0
2013,7.8,346154,83,0,0,0,1,0,0,1,0,0,0,0,0,0,0,0,0,1,0,0,1
2016,4.6,11555,22,1,1,0,0,0,0,0,1,0,0,0,0,0,0,0,0,0,0,0,0
2015,6.7,69157,44,0,0,1,0,1,0,0,1,0,0,0,0,0,0,0,0,0,0,0,0
2008,6.4,366138,49,1,0,0,0,0,1,1,0,0,0,0,0,0,0,0,0,0,0,0,0
2015,6,50241,58,0,0,0,0,1,0,0,0,0,0,0,0,0,0,0,0,0,0,0,0
2013,6.3,92868,42,0,0,0,0,1,1,0,0,0,0,0,0,0,0,0,0,1,0,0,0
2008,6.6,154936,56,0,0,0,0,1,0,0,0,0,0,0,0,0,0,1,0,0,0,0,0
2016,7.8,4370,85,0,0,1,0,1,0,1,0,0,0,0,0,0,0,0,0,0,0,0,0
2012,6.6,129252,40,1,0,0,0,0,1,0,0,0,0,0,0,0,0,0,0,1,0,0,0
2011,6.2,178243,50,0,0,0,0,1,0,0,0,0,0,0,0,0,0,1,0,0,0,0,0
2006,7.3,87887,77,0,1,0,1,0,0,1,0,0,0,0,0,0,0,0,0,0,0,0,0
2013,7.4,304837,62,0,1,1,0,1,0,0,0,0,0,0,0,0,0,0,0,0,0,0,1
2014,6.5,93883,57,0,0,0,0,0,1,1,0,0,0,0,0,0,1,0,0,0,0,0,0
2013,7,199813,81,1,0,0,0,1,0,0,0,0,0,0,0,0,0,0,0,0,0,0,0
2012,7.2,196652,66,0,0,0,0,1,1,0,0,0,0,0,0,0,0,0,0,0,0,0,0
2007,6.2,146566,59,1,1,1,0,0,0,0,0,0,0,0,0,0,0,0,0,0,0,0,0
2014,6.2,103681,57,1,0,0,0,0,0,1,0,0,0,0,0,0,0,0,0,1,0,0,0
2007,6.8,221073,64,0,0,0,0,0,0,0,0,1,0,1,0,0,0,0,0,0,0,0,0
2014,6,52537,55,0,0,0,0,0,1,1,0,0,0,0,0,0,0,0,0,1,0,0,0
2010,6.6,233148,50,1,1,0,0,0,0,0,0,1,0,0,0,0,0,0,0,0,0,0,0
2013,7.1,115751,82,0,0,0,0,1,0,1,0,0,0,0,0,0,0,1,0,0,0,0,0
2016,6.8,4771,65,0,0,0,1,0,0,1,0,0,0,0,0,0,0,1,0,0,0,0,0
2015,6.7,19309,60,1,1,0,0,1,0,0,0,0,0,0,0,0,0,0,0,0,0,0,0
2013,6.2,142560,57,0,0,0,0,0,0,0,0,0,0,1,0,0,0,0,0,1,0,0,0
2009,7,153448,42,0,0,0,0,0,0,0,0,0,0,1,0,0,1,0,0,1,0,0,0
2012,6.3,72050,54,0,0,0,0,1,0,0,0,0,0,0,0,0,0,1,0,0,0,0,0
2009,7.8,149779,83,0,1,1,0,1,0,0,0,0,0,0,0,0,0,0,0,0,0,0,0
2006,7.6,285441,76,0,0,0,0,0,1,1,0,0,0,0,0,0,1,0,0,0,0,0,1
2010,7.6,294010,82,0,1,0,1,0,0,1,0,0,0,0,0,0,0,0,0,0,0,0,0
2014,5.4,91106,37,0,0,0,0,0,0,0,0,0,0,1,0,0,1,0,0,1,0,0,0
2009,6.8,130153,65,0,1,0,0,0,0,0,0,1,0,0,0,0,1,0,0,0,0,0,0
2009,5.8,180105,32,1,1,0,0,0,0,0,0,0,0,0,0,0,0,0,0,0,0,0,0
2016,7,5855,72,0,0,0,1,0,0,1,0,0,0,0,0,0,0,0,0,0,0,0,0
2008,1.9,77207,15,0,0,0,0,1,0,0,0,0,0,0,0,0,0,0,0,0,0,0,0
2006,7.2,171356,63,0,0,0,0,0,0,1,0,0,0,0,0,0,0,0,1,0,0,0,0
2012,6.4,16917,54,0,0,0,0,1,0,0,1,0,0,0,0,0,0,0,0,0,0,0,0
2011,7.4,67464,76,0,0,0,0,0,0,1,0,0,0,0,0,0,0,1,0,0,0,0,0
2008,5.7,62719,29,1,1,0,0,1,0,0,0,0,0,0,0,0,0,0,0,0,0,0,0
2012,6.4,225394,58,0,0,0,0,1,0,0,0,0,0,0,0,0,0,0,0,0,0,0,0
2014,6.3,38804,24,0,0,0,0,0,0,0,0,0,0,0,0,0,1,1,0,1,0,0,0
2016,7.5,5531,84,0,0,0,0,0,1,1,0,0,0,0,0,0,0,0,0,0,0,0,0
2008,5.5,163144,54,1,0,0,0,1,0,0,0,0,0,0,0,0,0,0,0,0,0,0,0
2014,6.3,125190,40,0,0,0,0,1,1,0,0,0,0,0,0,0,0,0,0,0,0,0,0
2015,6.4,15232,74,0,0,0,0,0,0,1,0,0,0,0,0,0,0,0,0,1,0,0,0
2011,7.1,137117,80,0,0,0,0,0,0,1,0,0,0,0,0,0,0,0,0,0,0,0,0
2009,7.1,95480,73,0,1,1,0,1,0,0,0,0,0,0,0,0,0,0,0,0,0,0,0
2010,6.8,157499,69,1,0,0,0,0,0,0,0,0,0,0,0,0,0,0,0,1,0,0,0
2012,7.3,276347,76,0,0,0,0,0,0,1,0,0,0,0,0,0,0,0,0,1,0,0,1
2015,6.7,77447,55,0,1,1,0,1,0,0,0,0,0,0,0,0,0,0,0,0,0,0,0
2013,7.8,77986,49,0,0,0,0,0,1,1,0,0,0,0,0,0,1,0,0,0,0,0,0
2013,7.5,69659,62,0,0,0,1,0,0,1,0,0,0,0,0,0,0,0,1,0,0,0,0
2008,6.8,198395,48,0,0,0,0,0,1,1,0,0,0,0,0,0,0,0,0,1,0,0,0
2013,7.4,111875,62,0,0,0,0,0,0,1,0,0,0,0,1,0,0,0,0,0,0,0,0
2013,6.8,88829,63,0,0,0,0,0,1,1,0,0,0,0,0,0,0,0,0,1,0,0,0
2008,7.1,208770,70,0,0,0,0,0,0,1,0,0,0,0,0,0,0,1,0,0,0,0,0
2008,7.6,329788,73,1,1,1,0,0,0,0,0,0,0,0,0,0,0,0,0,0,0,0,1
2016,5.9,9993,67,0,0,0,0,1,0,1,0,0,0,0,0,0,0,0,0,0,0,0,0
2009,6.6,297093,49,1,1,0,0,0,0,1,0,0,0,0,0,0,0,0,0,0,0,0,0
2007,7.5,55648,64,0,0,0,1,0,1,1,0,0,0,0,0,0,0,0,0,0,0,0,0
2006,6.4,136642,52,0,0,0,0,0,0,0,0,0,0,1,0,0,0,0,0,0,0,0,0
2008,7.8,206793,63,0,0,0,1,0,0,1,0,0,0,0,0,0,1,0,0,0,0,0,0
2010,7.2,119376,40,0,0,0,0,0,0,1,0,0,0,0,0,0,0,1,0,0,0,0,0
2014,6.2,32310,54,0,0,0,0,1,0,0,1,0,0,0,0,0,0,0,0,0,0,0,0
2013,7.1,100890,81,0,0,0,0,0,0,1,0,0,0,0,0,0,0,0,0,0,0,0,0
2013,6.5,61060,46,0,0,0,0,0,0,1,0,1,0,1,0,0,0,0,0,0,0,0,0
2016,6.9,7402,78,0,0,0,0,0,0,1,0,0,0,0,0,0,0,1,0,0,0,0,0
2015,6.9,20907,67,0,0,0,1,0,0,1,0,0,1,0,0,0,0,0,0,0,0,0,0
2011,6.6,20194,51,0,0,0,0,1,0,0,1,0,0,0,0,0,0,0,0,0,0,0,0
2006,6.9,270429,66,1,1,0,0,0,0,0,0,0,0,0,0,0,0,0,0,1,0,0,1
2015,7.7,21569,70,0,0,0,0,1,0,1,0,0,0,0,0,0,0,0,0,0,0,0,0
2009,2.7,59512,45,1,1,0,0,0,0,0,0,1,0,0,0,0,0,0,0,0,0,0,0
2012,5.4,64584,31,1,0,0,0,0,0,0,0,0,0,0,0,0,0,0,0,1,0,0,0
2011,7,113599,48,0,0,0,0,0,0,1,0,0,0,0,0,0,0,1,0,0,0,0,0
2010,6.6,101301,39,0,0,0,0,1,0,1,0,0,0,0,0,0,0,1,0,0,0,0,0
2007,7,221858,78,0,0,0,0,0,0,1,0,0,0,1,0,0,0,0,0,0,0,0,0
2013,6.9,193579,59,0,0,0,0,1,0,0,0,0,0,1,0,0,0,1,0,0,0,0,0
2013,7.3,160592,78,0,0,0,0,0,0,1,0,0,0,0,0,0,0,0,0,0,0,0,0
2020,110,5.8,122.51,41,1,1,0,0,0,0,0,0,0,0,0,0,0,0,1,0,0,0,0
2012,5.8,159230,37,1,1,0,0,0,0,0,0,1,0,0,0,0,0,0,0,0,0,0,0
2016,6.9,8365,68,1,1,0,0,0,0,1,0,0,0,0,0,0,0,0,0,0,0,0,0
2013,7.5,125693,65,0,0,0,1,1,0,1,0,0,0,0,0,0,0,0,0,0,0,0,0
2014,6.3,184564,42,0,0,0,0,0,0,1,0,0,0,0,0,0,1,1,0,0,0,0,0
2011,6.9,173919,63,0,1,1,0,1,0,0,0,0,0,0,0,0,0,0,0,0,0,0,0
2015,6.1,16361,43,0,0,0,0,0,0,1,0,0,0,0,0,0,0,1,0,0,0,0,0
2006,7.5,253417,69,0,0,0,0,0,0,1,0,0,0,0,0,0,0,0,0,0,0,0,0
2011,6.8,143517,85,0,0,0,0,0,0,1,0,1,0,0,0,0,0,0,0,0,0,0,0
2012,6.5,82874,39,0,0,0,0,0,0,1,0,0,0,0,0,0,0,1,0,0,0,0,0
2010,5.5,75262,53,0,0,0,0,1,0,0,0,0,0,1,0,0,0,0,0,1,0,0,0
2011,7.7,281625,72,0,0,0,0,1,0,1,0,0,0,0,0,0,0,1,0,0,0,0,0
2011,7.1,264480,56,1,0,0,0,0,0,1,1,0,0,0,0,0,0,0,0,0,0,0,1
2008,5.5,102547,53,0,0,0,0,1,0,1,0,0,0,0,0,0,0,1,0,0,0,0,0
2008,7.1,187077,46,1,0,0,0,0,0,0,0,0,0,0,0,0,0,0,0,1,1,0,0
2006,7.9,93036,64,0,1,0,0,1,0,1,0,0,0,0,0,0,0,0,0,0,0,0,0
2009,6.5,172558,28,0,0,0,0,1,0,0,0,0,0,0,0,0,0,1,0,0,0,0,0
2009,5.5,83976,24,0,0,0,0,1,0,0,0,0,0,0,0,0,0,1,0,0,0,0,0
2015,6.5,27730,64,0,0,0,0,1,0,1,0,0,0,0,0,0,0,1,0,0,0,0,0
2006,5.6,118905,58,1,1,0,0,0,1,0,0,0,0,0,0,0,0,0,0,0,0,0,0
2013,6.8,55243,59,0,0,0,0,1,0,0,0,0,0,0,0,0,0,1,0,0,0,0,0
2014,7.9,237565,76,1,1,1,0,0,0,0,0,0,0,0,0,0,0,0,0,0,0,0,1
2014,6.2,190833,52,1,0,0,0,0,1,0,0,0,0,0,0,0,0,0,0,0,0,0,0
2015,6.7,12361,63,0,0,0,0,1,0,1,0,0,0,0,0,0,0,1,0,0,0,0,0
2007,6.9,269581,62,0,0,0,0,0,1,0,0,0,0,0,0,0,0,0,0,1,0,0,1
2006,6.5,64351,69,0,0,0,0,1,0,0,0,0,0,1,0,0,0,0,0,0,0,0,0
2011,6.6,187004,70,0,0,0,0,0,0,1,0,0,0,0,0,0,0,0,0,1,0,0,0
2015,6.4,17565,72,0,0,0,0,0,0,1,0,1,0,1,0,0,0,0,0,0,0,0,0
2007,7.2,117297,74,0,1,0,0,0,0,1,1,0,0,0,0,0,0,0,0,0,0,0,0
2013,7.2,66265,65,0,0,0,0,0,0,0,0,0,0,0,0,0,1,0,0,1,0,0,0
2009,6.7,33007,60,0,0,0,1,0,1,1,0,0,0,0,0,0,0,0,0,0,0,0,0
2016,7.5,17962,81,0,0,0,0,0,0,1,0,1,0,1,0,0,0,0,0,0,0,0,0
2012,6.6,257395,51,1,1,0,0,0,0,0,0,0,0,0,0,0,0,0,0,1,0,0,0
2006,7.5,199387,56,0,0,0,0,0,1,1,0,1,0,0,0,0,0,0,0,0,0,0,0
2007,6.1,155078,51,0,1,0,0,0,0,0,1,1,0,0,0,0,0,0,0,0,0,0,0
2010,6.4,67801,62,1,1,0,0,0,0,1,0,0,0,0,0,0,0,0,0,0,0,0,0
2015,6.3,31651,32,1,0,0,0,1,0,0,0,0,0,1,0,0,0,0,0,0,0,0,0
2009,6.4,152808,48,0,0,0,0,1,0,1,1,0,0,0,0,0,0,0,0,0,0,0,0
2015,6.8,57921,38,1,0,0,0,0,0,0,0,0,0,0,0,0,0,0,0,1,0,0,0
2006,6.1,246797,72,1,1,0,0,0,0,0,0,0,0,0,0,0,0,0,0,0,0,0,0
2011,4.9,190244,45,0,1,0,0,0,0,1,0,1,0,0,0,0,0,0,0,0,0,0,0
2009,7.3,91623,79,0,0,0,0,0,0,1,0,0,0,0,0,0,0,0,0,0,0,0,0
2015,5.9,7475,23,0,0,0,0,0,0,1,0,0,0,0,0,0,0,0,0,0,0,0,0
2011,5.9,39380,58,0,0,0,0,1,0,1,0,0,0,0,1,0,0,0,0,0,0,0,0
2014,6.8,92170,46,0,0,0,0,0,0,1,0,1,0,0,1,0,0,0,0,0,0,0,0
2016,6.2,4669,82,0,0,0,0,1,0,0,0,0,0,1,0,0,0,0,0,0,0,0,0
2006,6.6,137502,66,1,0,0,0,1,0,0,0,0,0,0,0,0,0,0,1,0,0,0,0
2009,4.4,60655,33,0,0,0,0,0,0,0,0,0,0,1,0,0,0,0,0,0,0,0,0
2010,6.8,64535,50,0,0,0,0,1,0,1,0,0,0,0,0,0,0,0,0,0,0,0,0
2008,6.1,50255,58,0,0,0,0,0,0,0,0,0,0,1,0,0,1,0,0,0,0,0,0
2010,4.9,192740,58,0,1,0,0,0,0,1,0,1,0,0,0,0,0,0,0,0,0,0,0
2011,6.1,62095,35,0,0,0,0,1,0,0,0,0,0,0,0,0,0,1,0,0,0,0,0
2013,6.4,132098,49,1,0,0,0,0,0,0,0,0,0,0,0,0,0,0,0,1,0,0,0
2016,5.6,3990,48,0,0,0,0,0,1,1,0,0,0,0,0,0,0,0,0,0,0,0,0
2013,4.9,166512,33,1,1,0,0,0,0,0,0,0,0,0,0,0,0,0,0,0,0,0,0
2016,6.1,2417,69,0,1,0,0,0,0,0,0,0,0,0,0,0,0,0,0,0,0,0,0
2015,7.8,92076,74,0,0,0,0,1,0,1,0,0,0,0,0,0,0,0,0,0,0,0,0
2011,7.3,211348,84,0,0,0,0,1,0,1,0,0,0,0,0,0,0,0,0,0,0,0,0
2010,4.3,62403,27,0,0,0,0,1,0,1,0,0,0,0,0,0,0,1,0,0,0,0,0
2013,7.2,65653,61,0,1,0,0,1,0,1,0,0,0,0,0,0,0,0,0,0,0,0,0
2008,6.4,173731,43,1,0,0,0,0,0,0,0,0,0,0,0,0,0,0,0,1,0,0,0
2014,6.2,81823,36,0,0,0,0,1,0,0,0,0,0,0,0,0,0,1,0,0,0,0,0
2010,5.2,84158,32,1,0,0,0,0,0,0,0,1,0,1,0,0,0,0,0,0,0,0,0
2012,7.7,192190,68,0,0,0,0,0,1,1,0,0,0,0,0,0,0,0,0,1,0,0,0
2014,6.2,73567,40,1,0,0,0,0,0,1,0,0,0,0,0,0,0,0,0,1,0,0,0
2006,7.8,271940,53,0,0,0,0,0,1,1,0,0,0,0,0,0,1,0,0,0,0,0,0
2013,7,97141,61,0,0,0,0,0,1,1,0,0,0,0,0,0,1,0,0,0,0,0,0
2015,5.9,10220,59,0,0,0,0,0,0,1,0,0,0,0,0,0,0,0,0,1,0,0,0
2008,6.7,88260,50,0,0,0,1,0,0,1,0,0,1,0,0,0,0,0,0,0,0,0,0
2010,6.3,60133,27,0,0,0,0,0,1,0,0,0,0,1,0,0,0,0,0,1,0,0,0
2010,92,4.8,34.33,62,0,0,0,0,0,0,0,0,0,0,1,0,0,0,0,0,1,0,0
2012,5.9,64513,47,0,0,0,0,1,0,1,0,0,0,0,1,1,0,0,0,0,0,0,0
2011,6.2,108544,52,0,0,0,0,0,0,0,0,0,0,1,0,0,1,0,0,0,0,0,0
2016,7.4,6753,73,0,0,0,1,0,0,1,0,0,0,0,0,0,0,0,1,0,0,0,0
2016,6,20966,37,0,0,0,0,1,0,0,1,0,0,0,0,0,0,1,0,0,0,0,0
2011,7.6,108772,70,0,0,0,0,0,0,1,0,0,0,0,0,0,0,0,0,1,0,0,0
2016,7,12048,44,0,0,0,1,0,0,1,1,0,0,0,0,0,0,0,0,0,0,0,0
2014,5.3,27312,33,0,0,0,0,1,0,1,1,0,0,0,0,0,0,0,0,0,0,0,0
2007,7.4,95172,56,0,0,0,0,0,0,1,0,1,0,0,1,1,0,0,0,0,0,0,0
2014,6.5,112729,30,0,0,0,0,1,0,0,0,0,0,0,0,0,0,0,0,0,0,0,0
2015,6.8,21405,47,0,1,0,0,0,0,0,1,0,0,0,0,0,0,0,0,0,0,0,0
2011,5.6,87904,31,0,1,0,0,1,0,0,0,1,0,0,0,0,0,0,0,0,0,0,0
2011,5.9,88000,50,0,0,0,0,0,0,0,0,0,0,1,0,0,0,0,0,1,0,0,0
2014,6.3,33688,30,0,0,0,0,0,0,1,0,0,0,0,0,0,0,1,0,0,0,0,0
2009,6.6,129708,44,1,1,0,0,0,0,0,0,1,0,0,0,0,0,0,0,0,0,0,0
2007,8.5,102697,42,0,0,0,0,0,0,1,1,0,0,0,1,0,0,0,0,0,0,0,0
2010,5.9,140900,37,1,1,0,0,0,0,0,0,0,0,1,0,0,0,0,0,0,0,0,0
2012,6.7,164088,48,0,0,0,0,1,0,0,0,0,0,0,0,0,0,0,0,0,0,0,0
2007,5.5,73152,46,0,0,0,0,0,0,0,0,0,0,1,0,0,0,0,0,0,0,0,0
2008,6.2,70699,50,0,0,0,0,0,0,1,0,0,0,0,1,0,0,1,0,0,0,0,0
2016,5.3,12435,11,0,0,0,0,1,0,0,1,1,0,0,0,0,0,0,0,0,0,0,0
